column,n,min,Q1,median,Q3,IQR,lower_IQR_fence,upper_IQR_fence,P1,P99,P99_9,max,outlier_count
energy_corrected_per_atom,99998,-13.977843333333333,-6.539839583333333,-5.01003475,-3.8227264375,2.7171131458333333,-10.615509302083332,0.25294328124999943,-10.358484295,-1.374918317777778,-0.7946465174285648,-0.202257,2000
e_form,99998,-5.7189336,-0.7067916700000001,-0.200383515,0.11576813875,0.8225598087500001,-1.9406313831250002,1.349607851875,-3.242085078,1.9798358169999992,3.2223720062000294,5.438597,10350
e_above_hull,99998,0.0,0.04292431,0.148498505,0.400831365,0.357907055,-0.4939362724999999,0.9376919474999998,0.0,2.40618551,3.5496847225000128,5.4485164,10838
e_phase_separation,99998,-4.218167,0.04154595725,0.147275765,0.39851607499999997,0.35697011775,-0.493909219375,0.9339712516249999,-0.03274913358,2.4060926339999997,3.5496847225000128,5.4485164,11885
band_gap_ind,99998,0.0,0.0,0.0,0.0,0.0,0.0,0.0,0.0,3.8314149999999993,5.7836567000002175,8.9427,11239
band_gap_dir,99998,0.0,0.0,0.0001,0.0198,0.0198,-0.029700000000000004,0.0495,0.0,3.891550999999998,5.838907500000029,8.9575,17570
total_mag,99998,-55.0,-1e-07,1.4e-06,0.965838975,0.965839075,-1.4487587125,2.4145975875000003,-0.2715153719999999,18.181776389999985,51.999992012,144.36371,17303
dos_ef,99998,-4.320755,2.44496865,4.5330487,8.38806375,5.943095100000001,-6.469674000000001,17.3027064,-0.076344254,37.56292104999998,80.56902389000088,268.54507,8589
volume_per_atom,99998,4.3314310944627055,16.55306044363297,22.222805765486882,29.07807273430926,12.52501229067629,-2.2344579923814685,47.8655911703237,8.24161187616395,53.28257842705783,85.78665572508574,210.112596599119,2710
nsites,99998,1.0,5.0,8.0,12.0,7.0,-5.5,22.5,3.0,56.0,96.0,152.0,5448
slices_n_tokens,99998,8.0,82.0,110.0,178.0,96.0,-62.0,322.0,37.0,608.0,916.0,2859.0,6865
