token,token_type,frequency,n_current_subtokens,current_tokenization,priority_score
ooo,periodic_direction,1558575,3,"[""o"", ""o"", ""o""]",3117150
+oo,periodic_direction,382782,3,"[""+"", ""o"", ""o""]",765564
-oo,periodic_direction,367083,3,"[""-"", ""o"", ""o""]",734166
o-o,periodic_direction,327509,3,"[""o"", ""-"", ""o""]",655018
o+o,periodic_direction,327014,3,"[""o"", ""+"", ""o""]",654028
oo-,periodic_direction,269457,3,"[""o"", ""o"", ""-""]",538914
oo+,periodic_direction,250503,3,"[""o"", ""o"", ""+""]",501006
OOO,other,202513,3,"[""O"", ""O"", ""O""]",405026
10,integer,256291,2,"[""1"", ""0""]",256291
11,integer,234409,2,"[""1"", ""1""]",234409
--o,periodic_direction,110977,3,"[""-"", ""-"", ""o""]",221954
++o,periodic_direction,94880,3,"[""+"", ""+"", ""o""]",189760
-o-,periodic_direction,78662,3,"[""-"", ""o"", ""-""]",157324
o--,periodic_direction,77147,3,"[""o"", ""-"", ""-""]",154294
o++,periodic_direction,64225,3,"[""o"", ""+"", ""+""]",128450
+o+,periodic_direction,63965,3,"[""+"", ""o"", ""+""]",127930
14,integer,126709,2,"[""1"", ""4""]",126709
15,integer,117151,2,"[""1"", ""5""]",117151
+-o,periodic_direction,46814,3,"[""+"", ""-"", ""o""]",93628
16,integer,87244,2,"[""1"", ""6""]",87244
17,integer,84106,2,"[""1"", ""7""]",84106
---,periodic_direction,37019,3,"[""-"", ""-"", ""-""]",74038
+o-,periodic_direction,35244,3,"[""+"", ""o"", ""-""]",70488
18,integer,64620,2,"[""1"", ""8""]",64620
-o+,periodic_direction,29619,3,"[""-"", ""o"", ""+""]",59238
-+o,periodic_direction,29425,3,"[""-"", ""+"", ""o""]",58850
o+-,periodic_direction,29357,3,"[""o"", ""+"", ""-""]",58714
19,integer,57401,2,"[""1"", ""9""]",57401
o-+,periodic_direction,25550,3,"[""o"", ""-"", ""+""]",51100
+++,periodic_direction,25004,3,"[""+"", ""+"", ""+""]",50008
DDO,other,24300,3,"[""D"", ""D"", ""O""]",48600
20,integer,35399,2,"[""2"", ""0""]",35399
22,integer,31655,2,"[""2"", ""2""]",31655
DDD,other,15234,3,"[""D"", ""D"", ""D""]",30468
ODD,other,13173,3,"[""O"", ""D"", ""D""]",26346
25,integer,25085,2,"[""2"", ""5""]",25085
DOD,other,11926,3,"[""D"", ""O"", ""D""]",23852
26,integer,23141,2,"[""2"", ""6""]",23141
27,integer,22999,2,"[""2"", ""7""]",22999
Se,element,22611,2,"[""S"", ""e""]",22611
OOD,other,10284,3,"[""O"", ""O"", ""D""]",20568
28,integer,19964,2,"[""2"", ""8""]",19964
29,integer,17934,2,"[""2"", ""9""]",17934
Pd,element,17514,2,"[""P"", ""d""]",17514
La,element,17484,2,"[""L"", ""a""]",17484
30,integer,15965,2,"[""3"", ""0""]",15965
In,element,15935,2,"[""I"", ""n""]",15935
Te,element,15632,2,"[""T"", ""e""]",15632
Ni,element,14919,2,"[""N"", ""i""]",14919
Zn,element,14801,2,"[""Z"", ""n""]",14801
Tb,element,14520,2,"[""T"", ""b""]",14520
Rh,element,14354,2,"[""R"", ""h""]",14354
Ga,element,14307,2,"[""G"", ""a""]",14307
Mg,element,14235,2,"[""M"", ""g""]",14235
Nd,element,14196,2,"[""N"", ""d""]",14196
Dy,element,14173,2,"[""D"", ""y""]",14173
Pr,element,14134,2,"[""P"", ""r""]",14134
Al,element,14118,2,"[""A"", ""l""]",14118
Tl,element,14102,2,"[""T"", ""l""]",14102
Sm,element,13961,2,"[""S"", ""m""]",13961
Pt,element,13723,2,"[""P"", ""t""]",13723
Hg,element,13466,2,"[""H"", ""g""]",13466
Er,element,13337,2,"[""E"", ""r""]",13337
Tm,element,13337,2,"[""T"", ""m""]",13337
Ho,element,13274,2,"[""H"", ""o""]",13274
Au,element,13241,2,"[""A"", ""u""]",13241
Li,element,13214,2,"[""L"", ""i""]",13214
Pm,element,13131,2,"[""P"", ""m""]",13131
33,integer,13057,2,"[""3"", ""3""]",13057
Cd,element,13053,2,"[""C"", ""d""]",13053
Cu,element,12937,2,"[""C"", ""u""]",12937
Si,element,12622,2,"[""S"", ""i""]",12622
Ge,element,12365,2,"[""G"", ""e""]",12365
As,element,12346,2,"[""A"", ""s""]",12346
Ag,element,12302,2,"[""A"", ""g""]",12302
--+,periodic_direction,5961,3,"[""-"", ""-"", ""+""]",11922
Co,element,11751,2,"[""C"", ""o""]",11751
36,integer,11060,2,"[""3"", ""6""]",11060
Sn,element,11003,2,"[""S"", ""n""]",11003
37,integer,10963,2,"[""3"", ""7""]",10963
Ca,element,10676,2,"[""C"", ""a""]",10676
Na,element,10577,2,"[""N"", ""a""]",10577
Ba,element,10540,2,"[""B"", ""a""]",10540
Sr,element,10511,2,"[""S"", ""r""]",10511
Sb,element,10423,2,"[""S"", ""b""]",10423
ECC,other,10342,2,"[""E"", ""CC""]",10342
Fe,element,10200,2,"[""F"", ""e""]",10200
38,integer,10020,2,"[""3"", ""8""]",10020
39,integer,9946,2,"[""3"", ""9""]",9946
Pb,element,9632,2,"[""P"", ""b""]",9632
Rb,element,9556,2,"[""R"", ""b""]",9556
Ir,element,9491,2,"[""I"", ""r""]",9491
Mn,element,9458,2,"[""M"", ""n""]",9458
Ru,element,9098,2,"[""R"", ""u""]",9098
Ac,element,9069,2,"[""A"", ""c""]",9069
Ce,element,8763,2,"[""C"", ""e""]",8763
Bi,element,8616,2,"[""B"", ""i""]",8616
Cs,element,8270,2,"[""C"", ""s""]",8270
++-,periodic_direction,4088,3,"[""+"", ""+"", ""-""]",8176
ODO,other,4035,3,"[""O"", ""D"", ""O""]",8070
Zr,element,8055,2,"[""Z"", ""r""]",8055
40,integer,8049,2,"[""4"", ""0""]",8049
Ti,element,7475,2,"[""T"", ""i""]",7475
44,integer,7134,2,"[""4"", ""4""]",7134
Th,element,6740,2,"[""T"", ""h""]",6740
46,integer,6677,2,"[""4"", ""6""]",6677
47,integer,6610,2,"[""4"", ""7""]",6610
Hf,element,6329,2,"[""H"", ""f""]",6329
Cr,element,6236,2,"[""C"", ""r""]",6236
Ta,element,5859,2,"[""T"", ""a""]",5859
Os,element,5798,2,"[""O"", ""s""]",5798
48,integer,5755,2,"[""4"", ""8""]",5755
Nb,element,5753,2,"[""N"", ""b""]",5753
49,integer,5698,2,"[""4"", ""9""]",5698
Be,element,5623,2,"[""B"", ""e""]",5623
Mo,element,5592,2,"[""M"", ""o""]",5592
Tc,element,5431,2,"[""T"", ""c""]",5431
51,integer,5366,2,"[""5"", ""1""]",5366
50,integer,5357,2,"[""5"", ""0""]",5357
53,integer,5017,2,"[""5"", ""3""]",5017
52,integer,5012,2,"[""5"", ""2""]",5012
Pu,element,4934,2,"[""P"", ""u""]",4934
55,integer,4790,2,"[""5"", ""5""]",4790
DOF,other,2198,3,"[""D"", ""O"", ""F""]",4396
+--,periodic_direction,2197,3,"[""+"", ""-"", ""-""]",4394
Re,element,4301,2,"[""R"", ""e""]",4301
56,integer,4245,2,"[""5"", ""6""]",4245
57,integer,4217,2,"[""5"", ""7""]",4217
-++,periodic_direction,2082,3,"[""-"", ""+"", ""+""]",4164
59,integer,4116,2,"[""5"", ""9""]",4116
58,integer,4112,2,"[""5"", ""8""]",4112
61,integer,3859,2,"[""6"", ""1""]",3859
60,integer,3833,2,"[""6"", ""0""]",3833
62,integer,3815,2,"[""6"", ""2""]",3815
63,integer,3797,2,"[""6"", ""3""]",3797
Pa,element,3454,2,"[""P"", ""a""]",3454
+-+,periodic_direction,1685,3,"[""+"", ""-"", ""+""]",3370
65,integer,3338,2,"[""6"", ""5""]",3338
64,integer,3334,2,"[""6"", ""4""]",3334
67,integer,3267,2,"[""6"", ""7""]",3267
66,integer,3255,2,"[""6"", ""6""]",3255
69,integer,3005,2,"[""6"", ""9""]",3005
-+-,periodic_direction,1497,3,"[""-"", ""+"", ""-""]",2994
68,integer,2987,2,"[""6"", ""8""]",2987
70,integer,2909,2,"[""7"", ""0""]",2909
71,integer,2903,2,"[""7"", ""1""]",2903
Np,element,2887,2,"[""N"", ""p""]",2887
72,integer,2688,2,"[""7"", ""2""]",2688
73,integer,2662,2,"[""7"", ""3""]",2662
74,integer,2564,2,"[""7"", ""4""]",2564
75,integer,2553,2,"[""7"", ""5""]",2553
76,integer,2310,2,"[""7"", ""6""]",2310
77,integer,2257,2,"[""7"", ""7""]",2257
78,integer,2246,2,"[""7"", ""8""]",2246
79,integer,2245,2,"[""7"", ""9""]",2245
ODB,other,659,3,"[""O"", ""D"", ""B""]",1318
Gd,element,1295,2,"[""G"", ""d""]",1295
YBO,other,595,3,"[""Y"", ""B"", ""O""]",1190
Lu,element,1166,2,"[""L"", ""u""]",1166
Eu,element,1140,2,"[""E"", ""u""]",1140
BBB,other,548,3,"[""B"", ""B"", ""B""]",1096
BFF,other,439,3,"[""B"", ""F"", ""F""]",878
ZZZ,other,438,3,"[""Z"", ""Z"", ""Z""]",876
BBO,other,387,3,"[""B"", ""B"", ""O""]",774
DOO,other,368,3,"[""D"", ""O"", ""O""]",736
80,integer,638,2,"[""8"", ""0""]",638
81,integer,638,2,"[""8"", ""1""]",638
82,integer,616,2,"[""8"", ""2""]",616
83,integer,590,2,"[""8"", ""3""]",590
OBZ,other,295,3,"[""O"", ""B"", ""Z""]",590
FBB,other,291,3,"[""F"", ""B"", ""B""]",582
Yb,element,574,2,"[""Y"", ""b""]",574
84,integer,528,2,"[""8"", ""4""]",528
87,integer,528,2,"[""8"", ""7""]",528
86,integer,525,2,"[""8"", ""6""]",525
85,integer,517,2,"[""8"", ""5""]",517
90,integer,488,2,"[""9"", ""0""]",488
88,integer,488,2,"[""8"", ""8""]",488
91,integer,482,2,"[""9"", ""1""]",482
FBF,other,241,3,"[""F"", ""B"", ""F""]",482
89,integer,469,2,"[""8"", ""9""]",469
100,integer,226,3,"[""1"", ""0"", ""0""]",452
101,integer,224,3,"[""1"", ""0"", ""1""]",448
102,integer,217,3,"[""1"", ""0"", ""2""]",434
103,integer,215,3,"[""1"", ""0"", ""3""]",430
93,integer,416,2,"[""9"", ""3""]",416
94,integer,415,2,"[""9"", ""4""]",415
104,integer,206,3,"[""1"", ""0"", ""4""]",412
92,integer,409,2,"[""9"", ""2""]",409
105,integer,203,3,"[""1"", ""0"", ""5""]",406
95,integer,404,2,"[""9"", ""5""]",404
96,integer,371,2,"[""9"", ""6""]",371
99,integer,370,2,"[""9"", ""9""]",370
97,integer,370,2,"[""9"", ""7""]",370
98,integer,352,2,"[""9"", ""8""]",352
106,integer,152,3,"[""1"", ""0"", ""6""]",304
107,integer,147,3,"[""1"", ""0"", ""7""]",294
108,integer,115,3,"[""1"", ""0"", ""8""]",230
109,integer,114,3,"[""1"", ""0"", ""9""]",228
110,integer,113,3,"[""1"", ""1"", ""0""]",226
111,integer,112,3,"[""1"", ""1"", ""1""]",224
114,integer,107,3,"[""1"", ""1"", ""4""]",214
115,integer,107,3,"[""1"", ""1"", ""5""]",214
116,integer,91,3,"[""1"", ""1"", ""6""]",182
119,integer,89,3,"[""1"", ""1"", ""9""]",178
117,integer,88,3,"[""1"", ""1"", ""7""]",176
118,integer,88,3,"[""1"", ""1"", ""8""]",176
YYY,other,82,3,"[""Y"", ""Y"", ""Y""]",164
112,integer,104,2,"[""1"", ""12""]",104
113,integer,104,2,"[""1"", ""13""]",104
YYO,other,39,3,"[""Y"", ""Y"", ""O""]",78
YBY,other,38,3,"[""Y"", ""B"", ""Y""]",76
140,integer,38,3,"[""1"", ""4"", ""0""]",76
121,integer,75,2,"[""12"", ""1""]",75
124,integer,75,2,"[""12"", ""4""]",75
122,integer,75,2,"[""12"", ""2""]",75
120,integer,75,2,"[""12"", ""0""]",75
127,integer,74,2,"[""12"", ""7""]",74
125,integer,74,2,"[""12"", ""5""]",74
126,integer,74,2,"[""12"", ""6""]",74
OOE,other,30,3,"[""O"", ""O"", ""E""]",60
147,integer,28,3,"[""1"", ""4"", ""7""]",56
146,integer,28,3,"[""1"", ""4"", ""6""]",56
144,integer,27,3,"[""1"", ""4"", ""4""]",54
149,integer,27,3,"[""1"", ""4"", ""9""]",54
148,integer,27,3,"[""1"", ""4"", ""8""]",54
139,integer,52,2,"[""13"", ""9""]",52
138,integer,52,2,"[""13"", ""8""]",52
137,integer,51,2,"[""13"", ""7""]",51
136,integer,51,2,"[""13"", ""6""]",51
134,integer,49,2,"[""1"", ""34""]",49
135,integer,48,2,"[""13"", ""5""]",48
133,integer,47,2,"[""13"", ""3""]",47
132,integer,47,2,"[""1"", ""32""]",47
131,integer,45,2,"[""13"", ""1""]",45
129,integer,45,2,"[""12"", ""9""]",45
130,integer,45,2,"[""13"", ""0""]",45
128,integer,45,2,"[""12"", ""8""]",45
141,integer,38,2,"[""1"", ""41""]",38
142,integer,37,2,"[""1"", ""42""]",37
143,integer,37,2,"[""1"", ""43""]",37
DDB,other,18,3,"[""D"", ""D"", ""B""]",36
OYZ,other,15,3,"[""O"", ""Y"", ""Z""]",30
DDF,other,14,3,"[""D"", ""D"", ""F""]",28
145,integer,27,2,"[""1"", ""45""]",27
OOB,other,13,3,"[""O"", ""O"", ""B""]",26
OOC,other,24,2,"[""O"", ""OC""]",24
Xe,element,10,2,"[""X"", ""e""]",10
