element,frequency,n_subtokens,chemberta_tokens
O,95506,1,"[""O""]"
H,43519,1,"[""H""]"
S,22752,1,"[""S""]"
Se,22611,2,"[""S"", ""e""]"
F,18866,1,"[""F""]"
Cl,18200,1,"[""Cl""]"
Pd,17514,2,"[""P"", ""d""]"
La,17484,2,"[""L"", ""a""]"
Br,16632,1,"[""Br""]"
Y,16453,1,"[""Y""]"
In,15935,2,"[""I"", ""n""]"
Te,15632,2,"[""T"", ""e""]"
N,15412,1,"[""N""]"
Ni,14919,2,"[""N"", ""i""]"
Zn,14801,2,"[""Z"", ""n""]"
Tb,14520,2,"[""T"", ""b""]"
Rh,14354,2,"[""R"", ""h""]"
Ga,14307,2,"[""G"", ""a""]"
Mg,14235,2,"[""M"", ""g""]"
Nd,14196,2,"[""N"", ""d""]"
Dy,14173,2,"[""D"", ""y""]"
Pr,14134,2,"[""P"", ""r""]"
Al,14118,2,"[""A"", ""l""]"
Tl,14102,2,"[""T"", ""l""]"
Sm,13961,2,"[""S"", ""m""]"
P,13873,1,"[""P""]"
Pt,13723,2,"[""P"", ""t""]"
Hg,13466,2,"[""H"", ""g""]"
Er,13337,2,"[""E"", ""r""]"
Tm,13337,2,"[""T"", ""m""]"
Ho,13274,2,"[""H"", ""o""]"
Au,13241,2,"[""A"", ""u""]"
Li,13214,2,"[""L"", ""i""]"
Pm,13131,2,"[""P"", ""m""]"
Cd,13053,2,"[""C"", ""d""]"
Cu,12937,2,"[""C"", ""u""]"
Si,12622,2,"[""S"", ""i""]"
Ge,12365,2,"[""G"", ""e""]"
As,12346,2,"[""A"", ""s""]"
Ag,12302,2,"[""A"", ""g""]"
I,11936,1,"[""I""]"
Sc,11876,1,"[""Sc""]"
Co,11751,2,"[""C"", ""o""]"
K,11384,1,"[""K""]"
Sn,11003,2,"[""S"", ""n""]"
Ca,10676,2,"[""C"", ""a""]"
Na,10577,2,"[""N"", ""a""]"
Ba,10540,2,"[""B"", ""a""]"
Sr,10511,2,"[""S"", ""r""]"
Sb,10423,2,"[""S"", ""b""]"
Fe,10200,2,"[""F"", ""e""]"
Pb,9632,2,"[""P"", ""b""]"
Rb,9556,2,"[""R"", ""b""]"
Ir,9491,2,"[""I"", ""r""]"
Mn,9458,2,"[""M"", ""n""]"
Ru,9098,2,"[""R"", ""u""]"
Ac,9069,2,"[""A"", ""c""]"
Ce,8763,2,"[""C"", ""e""]"
Bi,8616,2,"[""B"", ""i""]"
B,8474,1,"[""B""]"
Cs,8270,2,"[""C"", ""s""]"
Zr,8055,2,"[""Z"", ""r""]"
Ti,7475,2,"[""T"", ""i""]"
C,6838,1,"[""C""]"
Th,6740,2,"[""T"", ""h""]"
Hf,6329,2,"[""H"", ""f""]"
Cr,6236,2,"[""C"", ""r""]"
Ta,5859,2,"[""T"", ""a""]"
V,5801,1,"[""V""]"
Os,5798,2,"[""O"", ""s""]"
Nb,5753,2,"[""N"", ""b""]"
Be,5623,2,"[""B"", ""e""]"
Mo,5592,2,"[""M"", ""o""]"
Tc,5431,2,"[""T"", ""c""]"
Pu,4934,2,"[""P"", ""u""]"
W,4326,1,"[""W""]"
Re,4301,2,"[""R"", ""e""]"
Pa,3454,2,"[""P"", ""a""]"
U,3186,1,"[""U""]"
Np,2887,2,"[""N"", ""p""]"
Gd,1295,2,"[""G"", ""d""]"
Lu,1166,2,"[""L"", ""u""]"
Eu,1140,2,"[""E"", ""u""]"
Yb,574,2,"[""Y"", ""b""]"
Xe,10,2,"[""X"", ""e""]"
He,2,2,"[""H"", ""e""]"
