token_type,subtoken_count_group,occurrence_count,total_type_occurrences,percentage_of_type_occurrences
global,1,7987371,14664831,54.46616466292724
global,2,2138159,14664831,14.580181660463731
global,3,4539301,14664831,30.953653676609026
global,>=4,0,14664831,0.0
element,1,325034,1024666,31.720970540644462
element,2,699632,1024666,68.27902945935554
element,3,0,1024666,0.0
element,>=4,0,1024666,0.0
integer,1,7065686,8496642,83.15857017395814
integer,2,1428161,8496642,16.808534477502995
integer,3,2795,8496642,0.03289534853886983
integer,>=4,0,8496642,0.0
periodic_direction,1,0,4248321,0.0
periodic_direction,2,0,4248321,0.0
periodic_direction,3,4248321,4248321,100.0
periodic_direction,>=4,0,4248321,0.0
other,1,596651,895202,66.64987343638643
other,2,10366,895202,1.1579509429156771
other,3,288185,895202,32.192175620697896
other,>=4,0,895202,0.0
