threshold,n_sequences_above,percent_sequences_above,n_sequences_at_or_below,percent_at_or_below,mean_retained_fraction_if_truncated,median_retained_fraction_if_truncated
64,99895,99.8969979399588,103,0.10300206004120083,0.226530527312063,0.21621621621621623
128,96828,96.82993659873198,3170,3.170063401268025,0.44500762151345163,0.43243243243243246
256,61577,61.578231564631295,38421,38.421768435368705,0.7524204413502592,0.8648648648648649
384,35410,35.41070821416428,64588,64.58929178583571,0.8740042367237619,1.0
512,22345,22.34544690893818,77653,77.65455309106181,0.9311463720050047,1.0
768,9041,9.041180823616472,90957,90.95881917638353,0.9738991767901297,1.0
1024,4601,4.6010920218404365,95397,95.39890797815957,0.9885119552271427,1.0
1536,1591,1.5910318206364127,98407,98.40896817936358,0.9965499874254864,1.0
2048,541,0.5410108202164043,99457,99.4589891797836,0.9990727757585542,1.0
