slices_token,slices_token_type,frequency,n_chemberta_subtokens,chemberta_tokens,chemberta_token_ids
ooo,periodic_direction,1558575,3,"[""o"", ""o"", ""o""]","[83, 83, 83]"
+oo,periodic_direction,382782,3,"[""+"", ""o"", ""o""]","[15, 83, 83]"
-oo,periodic_direction,367083,3,"[""-"", ""o"", ""o""]","[17, 83, 83]"
o-o,periodic_direction,327509,3,"[""o"", ""-"", ""o""]","[83, 17, 83]"
o+o,periodic_direction,327014,3,"[""o"", ""+"", ""o""]","[83, 15, 83]"
oo-,periodic_direction,269457,3,"[""o"", ""o"", ""-""]","[83, 83, 17]"
oo+,periodic_direction,250503,3,"[""o"", ""o"", ""+""]","[83, 83, 15]"
--o,periodic_direction,110977,3,"[""-"", ""-"", ""o""]","[17, 17, 83]"
++o,periodic_direction,94880,3,"[""+"", ""+"", ""o""]","[15, 15, 83]"
-o-,periodic_direction,78662,3,"[""-"", ""o"", ""-""]","[17, 83, 17]"
o--,periodic_direction,77147,3,"[""o"", ""-"", ""-""]","[83, 17, 17]"
o++,periodic_direction,64225,3,"[""o"", ""+"", ""+""]","[83, 15, 15]"
+o+,periodic_direction,63965,3,"[""+"", ""o"", ""+""]","[15, 83, 15]"
+-o,periodic_direction,46814,3,"[""+"", ""-"", ""o""]","[15, 17, 83]"
---,periodic_direction,37019,3,"[""-"", ""-"", ""-""]","[17, 17, 17]"
+o-,periodic_direction,35244,3,"[""+"", ""o"", ""-""]","[15, 83, 17]"
-o+,periodic_direction,29619,3,"[""-"", ""o"", ""+""]","[17, 83, 15]"
-+o,periodic_direction,29425,3,"[""-"", ""+"", ""o""]","[17, 15, 83]"
o+-,periodic_direction,29357,3,"[""o"", ""+"", ""-""]","[83, 15, 17]"
o-+,periodic_direction,25550,3,"[""o"", ""-"", ""+""]","[83, 17, 15]"
+++,periodic_direction,25004,3,"[""+"", ""+"", ""+""]","[15, 15, 15]"
--+,periodic_direction,5961,3,"[""-"", ""-"", ""+""]","[17, 17, 15]"
++-,periodic_direction,4088,3,"[""+"", ""+"", ""-""]","[15, 15, 17]"
+--,periodic_direction,2197,3,"[""+"", ""-"", ""-""]","[15, 17, 17]"
-++,periodic_direction,2082,3,"[""-"", ""+"", ""+""]","[17, 15, 15]"
+-+,periodic_direction,1685,3,"[""+"", ""-"", ""+""]","[15, 17, 15]"
-+-,periodic_direction,1497,3,"[""-"", ""+"", ""-""]","[17, 15, 17]"
