metric,value
total_slices_sequences,99998.0
total_slices_lexical_tokens,14664831.0
total_chemberta_content_tokens,40446425.0
total_chemberta_tokens_with_special,40646421.0
global_weighted_fertility,2.758055991235085
mean_per_sequence_fertility,2.705353041198079
median_sequence_fertility,2.676470588235294
p90_sequence_fertility,2.830670926517572
p95_sequence_fertility,2.8952618453865338
p99_sequence_fertility,2.9734660033167497
max_sequence_fertility,3.309199020636586
mean_hf_tokens_with_special,406.4723394467889
median_hf_tokens_with_special,296.0
p95_hf_tokens_with_special,1004.0
p99_hf_tokens_with_special,1807.0599999999977
max_hf_tokens_with_special,9463.0
total_unk_tokens,0.0
sequences_with_unk,0.0
percent_sequences_with_unk,0.0
unk_fraction_global,0.0
percent_over_128,96.82993659873198
percent_over_256,61.578231564631295
percent_over_512,22.34544690893818
percent_over_1024,4.6010920218404365
percent_over_effective_context,22.34544690893818
effective_context_limit,512.0
vocab_size,767.0
unique_slices_tokens,320.0
unique_chemberta_content_tokens_observed,82.0
vocabulary_observed_percent,10.691003911342895
elements_one_token_occurrence_percent,31.720970540644462
periodic_one_token_occurrence_percent,0.0
integers_one_token_occurrence_percent,83.15857017395814
