token_id,token,frequency,percentage,token_class
225,Ġ,14564833,35.8330023693845,content
83,o,9367700,23.046801586786692,content
21,1,2256468,5.551455563578402,content
17,-,1831852,4.506797781777638,content
15,+,1776024,4.369447435482696,content
20,0,1346718,3.3132511224050942,content
22,2,1157631,2.848051492651715,content
23,3,999314,2.4585534849427457,content
24,4,835136,2.0546360034995454,content
51,O,791927,1.9483314410388064,content
25,5,736079,1.8109318899196563,content
26,6,634678,1.5614609709425584,content
27,7,591185,1.454457699978062,content
28,8,469321,1.1546428651122813,content
29,9,423697,1.0423968201283946,content
40,D,176288,0.4337110025013026,content
304,12,153266,0.3770713293551725,content
435,13,144938,0.3565824405548523,content
69,a,136002,0.3345977250986009,content
70,b,111474,0.27425292868958867,content
55,S,103883,0.25557723766134294,content
73,e,101304,0.24923227557968758,content
0,<s>,99998,0.24601920055888807,special
2,</s>,99998,0.24601920055888807,special
52,P,90395,0.2223935042152912,content
56,T,83096,0.20443620362048603,content
71,c,80738,0.19863495484633198,content
39,C,78524,0.1931879808064774,content
44,H,76590,0.18842987430553848,content
82,n,69621,0.17128445331016967,content
50,N,63744,0.15682561571657194,content
75,g,62976,0.1549361504669747,content
86,r,61764,0.15195433811995404,content
72,d,61536,0.15139340312397984,content
37,A,61076,0.15026169216718982,content
77,i,58334,0.14351571076823713,content
81,m,44526,0.1095447001348532,content
89,u,43742,0.10761587102588933,content
91,w,42289,0.10404114054715913,content
38,B,38566,0.0948816625207912,content
45,I,37362,0.09191953210345383,content
54,R,37309,0.09178913931930194,content
309,21,34399,0.08462983739699985,content
80,l,33648,0.08278219624797963,content
42,F,32930,0.08101574305890302,content
48,L,31864,0.07839312592860267,content
335,23,31620,0.07779282707326188,content
49,M,29285,0.07204816384694732,content
43,G,27967,0.06880556593162286,content
87,s,26655,0.06557772946356089,content
521,24,25663,0.0631371701828311,content
41,E,24849,0.06113453383755485,content
62,Z,24480,0.06022670483091242,content
76,h,22988,0.05655602494497609,content
92,x,22862,0.05624603455246404,content
88,t,22309,0.054885521163105605,content
93,y,20090,0.049426245917198956,content
278,Cl,18200,0.04477639002951822,content
61,Y,18037,0.044375370712220884,content
299,Br,16632,0.040918731811590496,content
469,31,15864,0.039029266561993244,content
90,v,14704,0.03617538675791406,content
333,32,13219,0.03252192856045062,content
383,34,12961,0.03188718632816405,content
644,35,12828,0.03155997424717911,content
345,Sc,11876,0.029217824614865846,content
47,K,11384,0.028007385939342606,content
78,j,10412,0.025616031482821083,content
262,CC,10342,0.025443814598092168,content
679,41,8025,0.01974343571356504,content
543,42,7812,0.01921940433574705,content
396,43,7670,0.018870050083868394,content
74,f,7176,0.017654690925924327,content
510,45,7027,0.017288114985572776,content
58,V,5801,0.01427185926160633,content
531,54,4799,0.011806697568772414,content
59,W,4326,0.010643003476247023,content
94,z,4173,0.01026658657105382,content
79,k,3460,0.008512434588029288,content
57,U,3186,0.007838328496376102,content
84,p,2887,0.007102716374462588,content
750,123,75,0.0001845180907809817,content
279,OC,24,5.904578904991413e-05,content
60,X,10,2.460241210413089e-05,content
