token,frequency,percentage,token_type
ooo,1558575,10.627977915326811,periodic_direction
0,1015470,6.924525758257971,integer
1,976388,6.658024221349704,integer
2,936967,6.3892110314806905,integer
3,902502,6.154192980471442,integer
4,653939,4.459233113562645,integer
5,539571,3.6793536863807024,integer
6,460964,3.1433297799340476,integer
7,430143,2.933160293494006,integer
+oo,382782,2.6102039634824297,periodic_direction
-oo,367083,2.503151928583425,periodic_direction
8,352913,2.4065261986312696,integer
o-o,327509,2.2332954263161984,periodic_direction
o+o,327014,2.229920003851391,periodic_direction
9,318109,2.169196494661275,integer
oo-,269457,1.83743679010007,periodic_direction
10,256291,1.747657371571483,integer
oo+,250503,1.7081887953567279,periodic_direction
11,234409,1.5984432415211605,integer
OOO,202513,1.3809432921524973,other
12,152550,1.0402438323360153,integer
13,144443,0.9849619133012852,integer
o,126797,0.8646332167073729,other
14,126709,0.8640331416025183,integer
15,117151,0.7988568023729697,integer
--o,110977,0.7567560785391936,periodic_direction
O,95506,0.6512587836845852,element
++o,94880,0.6469900675977787,periodic_direction
16,87244,0.5949199141810771,integer
17,84106,0.5735217814647847,integer
-o-,78662,0.5363989533871887,periodic_direction
o--,77147,0.5260681149342942,periodic_direction
+,73199,0.4991465636392264,other
c,66238,0.45167925903817097,other
18,64620,0.4406460599511853,integer
o++,64225,0.437952541014622,periodic_direction
+o+,63965,0.43617959184118793,periodic_direction
a,63105,0.4303152214982907,other
b,61016,0.41607025679327636,other
19,57401,0.39141944424726066,integer
+-o,46814,0.31922631771208276,periodic_direction
H,43519,0.2967575964564474,element
w,42289,0.2883701830590479,other
---,37019,0.25243386712059623,periodic_direction
20,35399,0.2413870299630456,integer
+o-,35244,0.2403300794942676,periodic_direction
21,34399,0.23456799468060696,integer
22,31655,0.21585656186559532,integer
23,31620,0.21561789563070996,integer
-o+,29619,0.20197300603055024,periodic_direction
-+o,29425,0.20065011318575712,periodic_direction
o+-,29357,0.2001864187865513,periodic_direction
24,25663,0.17499690245322294,integer
o-+,25550,0.17422635146630738,periodic_direction
25,25085,0.17105550005997341,integer
+++,25004,0.17050315820209588,periodic_direction
DDO,24300,0.1657025573632591,other
26,23141,0.15779929547091268,integer
27,22999,0.1568309924608064,integer
g,22973,0.156653697543463,other
x,22862,0.15589678462711232,other
S,22752,0.15514669074604406,element
Se,22611,0.15418520677122022,element
e,21797,0.14863451205131514,other
28,19964,0.13613522037860512,integer
F,18866,0.12864791963848748,element
n,18424,0.1256339060436496,other
Cl,18200,0.12410644214038334,element
29,17934,0.12229257875525466,integer
Pd,17514,0.11942858393663043,element
La,17484,0.11922401287815727,element
Br,16632,0.11341419481751955,element
Y,16453,0.11219358750196302,element
30,15965,0.10886589828413297,integer
In,15935,0.10866132722565981,element
31,15864,0.10817717572060667,integer
Te,15632,0.1065951595350809,element
d,15478,0.10554502810158535,other
N,15412,0.1050949717729444,element
DDD,15234,0.10388118349267032,other
Ni,14919,0.10173318737870214,element
Zn,14801,0.10092854121537438,element
v,14704,0.10026709479297784,other
Tb,14520,0.09901239230100913,element
Rh,14354,0.09788043244412431,element
Ga,14307,0.09755993778584969,element
Mg,14235,0.09706896724551412,element
Nd,14196,0.096803024869499,element
Dy,14173,0.09664618705800292,element
Pr,14134,0.09638024468198782,element
Al,14118,0.09627114011746879,element
Tl,14102,0.09616203555294978,element
Sm,13961,0.09520055157812593,element
P,13873,0.09460047647327133,element
Pt,13723,0.09357762118090553,element
Hg,13466,0.09182512911331879,element
Er,13337,0.0909454735618842,element
Tm,13337,0.0909454735618842,element
Ho,13274,0.09051587433909057,element
Au,13241,0.0902908461747701,element
Li,13214,0.09010673222214426,element
ODD,13173,0.08982715177556427,other
32,13172,0.08982033274028184,integer
Pm,13131,0.08954075229370186,element
33,13057,0.0890361436828014,integer
Cd,13053,0.08900886754167163,element
Cu,12937,0.08821785944890875,element
34,12912,0.08804738356684778,integer
35,12828,0.08747458460312293,integer
Si,12622,0.08606986333494059,element
Ge,12365,0.08431737126735385,element
As,12346,0.08418780959698752,element
Ag,12302,0.08388777204456022,element
I,11936,0.08139200513118768,element
DOD,11926,0.08132381477836328,other
Sc,11876,0.08098286301424135,element
Co,11751,0.08013048360393651,element
K,11384,0.07762789765528154,element
36,11060,0.07541853022377142,integer
Sn,11003,0.07502984521267242,element
37,10963,0.07475708380137487,integer
Ca,10676,0.07280002067531498,element
Na,10577,0.07212493618235355,element
Ba,10540,0.07187263187690332,element
Sr,10511,0.0716748798537126,element
Sb,10423,0.071074804748858,element
j,10412,0.07099979536075117,other
ECC,10342,0.07052246289098046,other
OOD,10284,0.07012695884459903,other
Fe,10200,0.06955415988087418,element
38,10020,0.06832673353003522,integer
39,9946,0.06782212491913477,integer
Pb,9632,0.06568094784044903,element
Rb,9556,0.06516270115898369,element
Ir,9491,0.06471946386562519,element
Mn,9458,0.06449443570130471,element
Ru,9098,0.062039582999626794,element
Ac,9069,0.06184183097643607,element
Ce,8763,0.059755206180009846,element
Bi,8616,0.05875280799349137,element
t,8586,0.058548236935018205,other
B,8474,0.05778450498338508,element
Cs,8270,0.056393421785767596,element
Zr,8055,0.054927329200043284,element
40,8049,0.054886414988348654,integer
41,7987,0.05446363480083746,integer
42,7775,0.05301799932096047,integer
43,7633,0.05204969631085418,integer
Ti,7475,0.050972288736228874,element
44,7134,0.048646997704917296,integer
45,7000,0.047733246977070515,integer
C,6838,0.04662856326131545,element
Th,6740,0.04596029780363647,element
46,6677,0.045530698580842834,integer
47,6610,0.04507382321691945,integer
Hf,6329,0.04315767430255418,element
Cr,6236,0.04252350402128739,element
--+,5961,0.040648269318616766,periodic_direction
y,5917,0.040348231766189464,other
Ta,5859,0.03995272771980802,element
V,5801,0.03955722367342658,element
Os,5798,0.03953676656757926,element
48,5755,0.0392435480504344,integer
Nb,5753,0.039229909979869526,element
49,5698,0.0388548630393354,integer
Be,5623,0.0383434353931525,element
Mo,5592,0.038132045299396906,element
Tc,5431,0.03703418061892428,element
l,5428,0.03701372351307697,other
51,5366,0.03659094332556577,integer
50,5357,0.03652957200802382,integer
53,5017,0.034211100011994684,integer
52,5012,0.03417700483558249,integer
Pu,4934,0.03364512008355228,element
54,4799,0.03272455032042306,integer
55,4790,0.03266317900288111,integer
W,4326,0.02949914663182958,element
Re,4301,0.029328670749768613,element
56,4245,0.028946804773952048,integer
57,4217,0.028755871786043767,integer
z,4173,0.028455834233616466,other
59,4116,0.028067149222517462,integer
58,4112,0.02803987308138771,integer
m,4097,0.02793758755215113,other
++-,4088,0.02787621623460918,periodic_direction
ODO,4035,0.027514807364639935,other
61,3859,0.026314657154930733,integer
60,3833,0.026137362237587326,integer
62,3815,0.026014619602503432,integer
63,3797,0.025891876967419535,integer
k,3460,0.023593862077237713,other
Pa,3454,0.02355294786554308,element
65,3338,0.0227619397727802,integer
64,3334,0.022734663631650442,integer
67,3267,0.022277788267727056,integer
66,3255,0.022195959844337792,integer
U,3186,0.021725446409849525,element
69,3005,0.020491201023728128,integer
68,2987,0.020368458388644234,integer
70,2909,0.019836573636614018,integer
71,2903,0.019795659424919388,integer
Np,2887,0.019686554860400367,element
72,2688,0.01832956683919508,integer
73,2662,0.018152271921851672,integer
74,2564,0.017484006464172686,integer
75,2553,0.01740899707606586,integer
76,2310,0.015751971502433272,integer
77,2257,0.015390562632464022,integer
78,2246,0.015315553244357197,integer
79,2245,0.015308734209074758,integer
DOF,2198,0.014988239550800142,other
+--,2197,0.014981420515517704,periodic_direction
-++,2082,0.014197231458037259,periodic_direction
h,1894,0.012915252824938795,other
+-+,1685,0.011490074450909117,periodic_direction
-+-,1497,0.010208095817810651,periodic_direction
i,1488,0.010146724500268704,other
Gd,1295,0.008830650690758045,element
u,1226,0.00836013725626978,other
Lu,1166,0.00795099513932346,element
Eu,1140,0.007773700221980056,element
f,847,0.005775722884225533,other
ODB,659,0.004493744251127067,other
80,638,0.004350544510195856,integer
81,638,0.004350544510195856,integer
82,616,0.004200525733982206,integer
YBO,595,0.0040573259930509935,other
83,590,0.004023230816638801,integer
Yb,574,0.003914126252119782,element
BBB,548,0.0037368313347763775,other
84,528,0.003600450629127605,integer
87,528,0.003600450629127605,integer
86,525,0.003579993523280289,integer
85,517,0.0035254412410207795,integer
90,488,0.0033276892178300587,integer
88,488,0.0033276892178300587,integer
91,482,0.003286775006135427,integer
89,469,0.003198127547463725,integer
BFF,439,0.002993556488990565,other
ZZZ,438,0.002986737453708127,other
93,416,0.0028367186774944765,integer
94,415,0.0028298996422120378,integer
92,409,0.002788985430517406,integer
95,404,0.002754890254105213,integer
BBO,387,0.0026389666543037557,other
96,371,0.0025298620897847373,integer
99,370,0.002523043054502299,integer
97,370,0.002523043054502299,integer
DOO,368,0.0025094049839374214,other
98,352,0.002400300419418403,integer
OBZ,295,0.0020116154083194004,other
FBB,291,0.0019843392671896457,other
s,241,0.0016433875030677134,other
FBF,241,0.0016433875030677134,other
100,226,0.0015411019738311338,integer
101,224,0.0015274639032662565,integer
102,217,0.001479730656289186,integer
103,215,0.0014660925857243087,integer
104,206,0.001404721268182361,integer
105,203,0.001384264162335045,integer
106,152,0.001036493362930674,integer
107,147,0.0010023981865184808,integer
108,115,0.0007841890574804441,integer
109,114,0.0007773700221980056,integer
110,113,0.0007705509869155669,integer
111,112,0.0007637319516331282,integer
114,107,0.0007296367752209351,integer
115,107,0.0007296367752209351,integer
112,104,0.0007091796693736191,integer
113,104,0.0007091796693736191,integer
116,91,0.0006205322107019167,integer
119,89,0.0006068941401370394,integer
117,88,0.0006000751048546007,integer
118,88,0.0006000751048546007,integer
YYY,82,0.0005591608931599689,other
121,75,0.0005114276461828984,integer
124,75,0.0005114276461828984,integer
123,75,0.0005114276461828984,integer
122,75,0.0005114276461828984,integer
120,75,0.0005114276461828984,integer
127,74,0.0005046086109004597,integer
125,74,0.0005046086109004597,integer
126,74,0.0005046086109004597,integer
139,52,0.00035458983468680957,integer
138,52,0.00035458983468680957,integer
137,51,0.0003477707994043709,integer
136,51,0.0003477707994043709,integer
134,49,0.0003341327288394936,integer
135,48,0.00032731369355705497,integer
133,47,0.00032049465827461635,integer
132,47,0.00032049465827461635,integer
131,45,0.00030685658770973905,integer
129,45,0.00030685658770973905,integer
130,45,0.00030685658770973905,integer
128,45,0.00030685658770973905,integer
YYO,39,0.00026594237601510715,other
YBY,38,0.0002591233407326685,other
140,38,0.0002591233407326685,integer
141,38,0.0002591233407326685,integer
142,37,0.00025230430545022985,integer
143,37,0.00025230430545022985,integer
OOE,30,0.00020457105847315936,other
147,28,0.00019093298790828206,integer
146,28,0.00019093298790828206,integer
145,27,0.00018411395262584343,integer
144,27,0.00018411395262584343,integer
149,27,0.00018411395262584343,integer
148,27,0.00018411395262584343,integer
OOC,24,0.00016365684677852748,other
DDB,18,0.0001227426350838956,other
OYZ,15,0.00010228552923657968,other
DDF,14,9.546649395414103e-05,other
OOB,13,8.864745867170239e-05,other
Xe,10,6.819035282438646e-05,element
DOB,7,4.7733246977070514e-05,other
OBB,4,2.7276141129754582e-05,other
151,3,2.0457105847315936e-05,integer
150,3,2.0457105847315936e-05,integer
He,2,1.3638070564877291e-05,element
OOF,1,6.8190352824386455e-06,other
