token_slices,tipo,apariciones,secuencias,en_vocabulario_exacto,en_vocabulario_con_espacio,reconocido_como_unidad,contiene_unk,n_piezas_contenido,piezas_contenido,n_piezas_con_espacio,piezas_con_espacio,piezas_extra_contenido_por_aparición,piezas_extra_contenido_corpus,piezas_modelo_atribuidas_corpus,problema,ejemplos_material_id
ooo,traslación,26085,1987,False,False,False,False,3,o o o,4,Ġ o o o,2,52170,104340,"fragmentado, separador adicional","mp-861884, mp-861460, mp-1215080"
-oo,traslación,5142,1668,False,False,False,False,3,- o o,4,Ġ - o o,2,10284,20568,"fragmentado, separador adicional","mp-861884, mp-861460, mp-1215080"
o-o,traslación,5120,1741,False,False,False,False,3,o - o,4,Ġ o - o,2,10240,20480,"fragmentado, separador adicional","mp-861884, mp-861460, mp-4691"
+oo,traslación,4275,1543,False,False,False,False,3,+ o o,4,Ġ + o o,2,8550,17100,"fragmentado, separador adicional","mp-861884, mp-861460, mp-1215080"
oo-,traslación,4092,1571,False,False,False,False,3,o o -,4,Ġ o o -,2,8184,16368,"fragmentado, separador adicional","mp-861884, mp-861460, mp-1215080"
o+o,traslación,3964,1531,False,False,False,False,3,o + o,4,Ġ o + o,2,7928,15856,"fragmentado, separador adicional","mp-861884, mp-861460, mp-1215080"
oo+,traslación,2983,1332,False,False,False,False,3,o o +,4,Ġ o o +,2,5966,11932,"fragmentado, separador adicional","mp-861884, mp-861460, mp-4691"
10,índice,4894,1204,False,False,False,False,2,1 0,3,Ġ 1 0,1,4894,14682,"fragmentado, separador adicional","mp-1215080, mp-1215073, mp-4691"
11,índice,4789,1172,False,False,False,False,2,1 1,3,Ġ 1 1,1,4789,14367,"fragmentado, separador adicional","mp-1215080, mp-1215073, mp-4691"
14,índice,3084,737,False,False,False,False,2,1 4,3,Ġ 1 4,1,3084,9252,"fragmentado, separador adicional","mp-1229141, mp-29816, mp-9538"
--o,traslación,1404,897,False,False,False,False,3,- - o,4,Ġ - - o,2,2808,5616,"fragmentado, separador adicional","mp-861460, mp-1229128, mp-1172905"
15,índice,2747,658,False,False,False,False,2,1 5,3,Ġ 1 5,1,2747,8241,"fragmentado, separador adicional","mp-1229141, mp-29816, mp-9538"
16,índice,1892,477,False,False,False,False,2,1 6,3,Ġ 1 6,1,1892,5676,"fragmentado, separador adicional","mp-29816, mp-1229187, mp-1183009"
-o-,traslación,935,755,False,False,False,False,3,- o -,4,Ġ - o -,2,1870,3740,"fragmentado, separador adicional","mp-861460, mp-29816, mp-1229128"
o--,traslación,920,759,False,False,False,False,3,o - -,4,Ġ o - -,2,1840,3680,"fragmentado, separador adicional","mp-861460, mp-9635, mp-560025"
17,índice,1780,449,False,False,False,False,2,1 7,3,Ġ 1 7,1,1780,5340,"fragmentado, separador adicional","mp-29816, mp-1229187, mp-1183009"
++o,traslación,806,514,False,False,False,False,3,+ + o,4,Ġ + + o,2,1612,3224,"fragmentado, separador adicional","mp-861460, mp-4691, mp-34982"
18,índice,1420,336,False,False,False,False,2,1 8,3,Ġ 1 8,1,1420,4260,"fragmentado, separador adicional","mp-29816, mp-1183009, mp-776172"
19,índice,979,218,False,False,False,False,2,1 9,3,Ġ 1 9,1,979,2937,"fragmentado, separador adicional","mp-29816, mp-1183009, mp-776172"
Se,elemento,930,213,False,False,False,False,2,S e,3,Ġ S e,1,930,2790,"fragmentado, separador adicional","mp-11641, mp-663172, mp-1229187"
+o+,traslación,438,365,False,False,False,False,3,+ o +,4,Ġ + o +,2,876,1752,"fragmentado, separador adicional","mp-861460, mp-676561, mp-1228446"
o++,traslación,416,344,False,False,False,False,3,o + +,4,Ġ o + +,2,832,1664,"fragmentado, separador adicional","mp-861460, mp-560025, mp-34982"
Mg,elemento,745,382,False,False,False,False,2,M g,3,Ġ M g,1,745,1968,"fragmentado, separador adicional","mp-29209, mp-2222849, mp-2232127"
Mn,elemento,743,237,False,False,False,False,2,M n,3,Ġ M n,1,743,2176,"fragmentado, separador adicional","mp-40356, mp-1272796, mp-42020"
+-o,traslación,355,272,False,False,False,False,3,+ - o,4,Ġ + - o,2,710,1420,"fragmentado, separador adicional","mp-9900, mp-546190, mp-28965"
---,traslación,336,277,False,False,False,False,3,- - -,4,Ġ - - -,2,672,1344,"fragmentado, separador adicional","mp-861460, mp-1172905, mp-997106"
Li,elemento,667,256,False,False,False,False,2,L i,3,Ġ L i,1,667,1770,"fragmentado, separador adicional","mp-1235156, mp-1236113, mp-1096688"
Te,elemento,655,160,False,False,False,False,2,T e,3,Ġ T e,1,655,1923,"fragmentado, separador adicional","mp-861884, mp-861460, mp-1228728"
+o-,traslación,318,268,False,False,False,False,3,+ o -,4,Ġ + o -,2,636,1272,"fragmentado, separador adicional","mp-1215080, mp-1215073, mp-9900"
-+o,traslación,316,243,False,False,False,False,3,- + o,4,Ġ - + o,2,632,1264,"fragmentado, separador adicional","mp-1215080, mp-1215073, mp-1229116"
-o+,traslación,302,247,False,False,False,False,3,- o +,4,Ġ - o +,2,604,1208,"fragmentado, separador adicional","mp-9538, mp-36600, mp-1173025"
Co,elemento,541,176,False,False,False,False,2,C o,3,Ġ C o,1,541,1601,"fragmentado, separador adicional","mp-776216, mp-1228483, mp-19086"
o+-,traslación,263,219,False,False,False,False,3,o + -,4,Ġ o + -,2,526,1052,"fragmentado, separador adicional","mp-1215080, mp-1215073, mp-9635"
o-+,traslación,237,203,False,False,False,False,3,o - +,4,Ġ o - +,2,474,948,"fragmentado, separador adicional","mp-29816, mp-9635, mp-36600"
Cu,elemento,448,187,False,False,False,False,2,C u,3,Ġ C u,1,448,1317,"fragmentado, separador adicional","mp-776172, mp-1228950, mp-1264182"
Fe,elemento,366,135,False,False,False,False,2,F e,3,Ġ F e,1,366,1072,"fragmentado, separador adicional","mp-1048504, mp-1236492, mp-2232127"
Sr,elemento,331,125,False,False,False,False,2,S r,3,Ġ S r,1,331,875,"fragmentado, separador adicional","mp-1214518, mp-1097264, mp-2232119"
Na,elemento,313,121,False,False,False,False,2,N a,3,Ġ N a,1,313,830,"fragmentado, separador adicional","mp-961774, mp-1079458, mp-630851"
Bi,elemento,292,116,False,False,False,False,2,B i,3,Ġ B i,1,292,849,"fragmentado, separador adicional","mp-28965, mp-1172905, mp-675977"
Sb,elemento,281,117,False,False,False,False,2,S b,3,Ġ S b,1,281,832,"fragmentado, separador adicional","mp-1228890, mp-643903, mp-2222849"
Ag,elemento,264,96,False,False,False,False,2,A g,3,Ġ A g,1,264,762,"fragmentado, separador adicional","mp-1215080, mp-1215073, mp-4691"
Ca,elemento,256,106,False,False,False,False,2,C a,3,Ġ C a,1,256,676,"fragmentado, separador adicional","mp-1100437, mp-1047132, mp-10289"
Mo,elemento,241,112,False,False,False,False,2,M o,3,Ġ M o,1,241,690,"fragmentado, separador adicional","mp-2217871, mp-1079477, mp-40356"
Cr,elemento,232,93,False,False,False,False,2,C r,3,Ġ C r,1,232,680,"fragmentado, separador adicional","mp-1404745, mp-1214943, mp-20772"
Ba,elemento,227,91,False,False,False,False,2,B a,3,Ġ B a,1,227,591,"fragmentado, separador adicional","mp-10437, mp-4473, mp-29209"
Zn,elemento,216,106,False,False,False,False,2,Z n,3,Ġ Z n,1,216,607,"fragmentado, separador adicional","mp-1096814, mp-1096818, mp-1147550"
+++,traslación,106,93,False,False,False,False,3,+ + +,4,Ġ + + +,2,212,424,"fragmentado, separador adicional","mp-1228446, mp-12814, mp-1214518"
Ni,elemento,210,97,False,False,False,False,2,N i,3,Ġ N i,1,210,617,"fragmentado, separador adicional","mp-1235156, mp-1236113, mp-2217871"
As,elemento,199,58,False,False,False,False,2,A s,3,Ġ A s,1,199,593,"fragmentado, separador adicional","mp-9538, mp-766, mp-755240"
Sn,elemento,181,89,False,False,False,False,2,S n,3,Ġ S n,1,181,529,"fragmentado, separador adicional","mp-1229187, mp-10809, mp-1190176"
Rb,elemento,175,73,False,False,False,False,2,R b,3,Ġ R b,1,175,456,"fragmentado, separador adicional","mp-1097089, mp-1110782, mp-1110758"
Cs,elemento,160,58,False,False,False,False,2,C s,3,Ġ C s,1,160,422,"fragmentado, separador adicional","mp-561786, mp-567776, mp-1112941"
Si,elemento,152,58,False,False,False,False,2,S i,3,Ġ S i,1,152,443,"fragmentado, separador adicional","mp-755363, mp-1100437, mp-1008506"
Cd,elemento,129,70,False,False,False,False,2,C d,3,Ġ C d,1,129,365,"fragmentado, separador adicional","mp-1093931, mp-1079666, mp-1247299"
In,elemento,123,53,False,False,False,False,2,I n,3,Ġ I n,1,123,349,"fragmentado, separador adicional","mp-861460, mp-1228728, mp-1228890"
La,elemento,120,56,False,False,False,False,2,L a,3,Ġ L a,1,120,334,"fragmentado, separador adicional","mp-1228011, mp-1227939, mp-39249"
--+,traslación,59,50,False,False,False,False,3,- - +,4,Ġ - - +,2,118,236,"fragmentado, separador adicional","mp-675977, mp-1236113, mp-1038760"
Ga,elemento,113,54,False,False,False,False,2,G a,3,Ġ G a,1,113,325,"fragmentado, separador adicional","mp-861884, mp-1228950, mp-1105922"
Ge,elemento,113,45,False,False,False,False,2,G e,3,Ġ G e,1,113,323,"fragmentado, separador adicional","mp-9900, mp-1229141, mp-1018093"
Eu,elemento,113,72,False,False,False,False,2,E u,3,Ġ E u,1,113,317,"fragmentado, separador adicional","mp-1521909, mp-1520401, mp-1522152"
Au,elemento,106,56,False,False,False,False,2,A u,3,Ġ A u,1,106,317,"fragmentado, separador adicional","mp-34982, mp-755240, mp-2901862"
Pb,elemento,101,38,False,False,False,False,2,P b,3,Ġ P b,1,101,290,"fragmentado, separador adicional","mp-1207268, mp-570930, mp-675543"
Tl,elemento,99,45,False,False,False,False,2,T l,3,Ġ T l,1,99,276,"fragmentado, separador adicional","mp-1096688, mp-1096608, mp-1181852"
Ti,elemento,99,55,False,False,False,False,2,T i,3,Ġ T i,1,99,276,"fragmentado, separador adicional","mp-644497, mp-1367801, mp-1233812"
Hg,elemento,91,46,False,False,False,False,2,H g,3,Ġ H g,1,91,265,"fragmentado, separador adicional","mp-1229141, mp-29816, mp-9635"
Nb,elemento,85,47,False,False,False,False,2,N b,3,Ġ N b,1,85,245,"fragmentado, separador adicional","mp-1522105, mp-1147682, mp-2220539"
Pd,elemento,83,44,False,False,False,False,2,P d,3,Ġ P d,1,83,244,"fragmentado, separador adicional","mp-1248716, mp-1182093, mp-4009"
Al,elemento,82,45,False,False,False,False,2,A l,3,Ġ A l,1,82,229,"fragmentado, separador adicional","mp-1183009, mp-1096807, mp-2014966"
Ce,elemento,80,44,False,False,False,False,2,C e,3,Ġ C e,1,80,221,"fragmentado, separador adicional","mp-1521909, mp-1520190, mp-1227227"
+--,traslación,40,36,False,False,False,False,3,+ - -,4,Ġ + - -,2,80,160,"fragmentado, separador adicional","mp-2014966, mp-1227939, mp-1232722"
++-,traslación,39,38,False,False,False,False,3,+ + -,4,Ġ + + -,2,78,156,"fragmentado, separador adicional","mp-1105258, mp-1233171, mp-1018093"
Ru,elemento,77,34,False,False,False,False,2,R u,3,Ġ R u,1,77,230,"fragmentado, separador adicional","mp-766, mp-1228753, mp-39249"
Nd,elemento,77,32,False,False,False,False,2,N d,3,Ġ N d,1,77,217,"fragmentado, separador adicional","mp-1228483, mp-1522954, mp-1227467"
Zr,elemento,72,36,False,False,False,False,2,Z r,3,Ġ Z r,1,72,196,"fragmentado, separador adicional","mp-14883, mp-1517277, mp-998427"
-+-,traslación,36,34,False,False,False,False,3,- + -,4,Ġ - + -,2,72,144,"fragmentado, separador adicional","mp-675879, mp-1079666, mp-1234955"
Pr,elemento,63,28,False,False,False,False,2,P r,3,Ġ P r,1,63,178,"fragmentado, separador adicional","mp-20212, mp-1227893, mp-1147781"
Rh,elemento,62,27,False,False,False,False,2,R h,3,Ġ R h,1,62,185,"fragmentado, separador adicional","mp-997106, mp-573119, mp-1103098"
Dy,elemento,62,24,False,False,False,False,2,D y,3,Ġ D y,1,62,173,"fragmentado, separador adicional","mp-1105922, mp-2222849, mp-1520401"
Er,elemento,62,19,False,False,False,False,2,E r,3,Ġ E r,1,62,171,"fragmentado, separador adicional","mp-1105724, mp-1189663, mp-1212805"
-++,traslación,29,27,False,False,False,False,3,- + +,4,Ġ - + +,2,58,116,"fragmentado, separador adicional","mp-1229116, mp-1228799, mp-1190176"
Hf,elemento,55,41,False,False,False,False,2,H f,3,Ġ H f,1,55,142,"fragmentado, separador adicional","mp-1522152, mp-1517277, mp-1522072"
Ir,elemento,54,22,False,False,False,False,2,I r,3,Ġ I r,1,54,159,"fragmentado, separador adicional","mp-1227372, mp-11168, mp-1379764"
+-+,traslación,25,22,False,False,False,False,3,+ - +,4,Ġ + - +,2,50,100,"fragmentado, separador adicional","mp-39259, mp-1234878, mp-1040452"
Ta,elemento,47,29,False,False,False,False,2,T a,3,Ġ T a,1,47,130,"fragmentado, separador adicional","mp-1227303, mp-1346992, mp-1377373"
Gd,elemento,47,15,False,False,False,False,2,G d,3,Ġ G d,1,47,128,"fragmentado, separador adicional","mp-1188567, mp-1188270, mp-29394"
Sm,elemento,42,15,False,False,False,False,2,S m,3,Ġ S m,1,42,118,"fragmentado, separador adicional","mp-1518998, mp-1522534, mp-12448"
Tb,elemento,38,14,False,False,False,False,2,T b,3,Ġ T b,1,38,106,"fragmentado, separador adicional","mp-2218091, mp-1520935, mp-1517296"
Os,elemento,36,21,False,False,False,False,2,O s,3,Ġ O s,1,36,107,"fragmentado, separador adicional","mp-1248716, mp-1207040, mp-1093936"
Ho,elemento,36,11,False,False,False,False,2,H o,3,Ġ H o,1,36,98,"fragmentado, separador adicional","mp-1212366, mp-1189310, mp-1104812"
Pt,elemento,34,19,False,False,False,False,2,P t,3,Ġ P t,1,34,97,"fragmentado, separador adicional","mp-997006, mp-1096103, mp-1093729"
Be,elemento,21,10,False,False,False,False,2,B e,3,Ġ B e,1,21,59,"fragmentado, separador adicional","mp-1183429, mp-1093936, mp-1182215"
Tc,elemento,20,10,False,False,False,False,2,T c,3,Ġ T c,1,20,57,"fragmentado, separador adicional","mp-989638, mp-1095885, mp-1097179"
Re,elemento,16,9,False,False,False,False,2,R e,3,Ġ R e,1,16,46,"fragmentado, separador adicional","mp-754760, mp-1097303, mp-1104976"
Lu,elemento,14,6,False,False,False,False,2,L u,3,Ġ L u,1,14,39,"fragmentado, separador adicional","mp-34255, mp-1172913, mp-1206615"
Pu,elemento,12,11,False,False,False,False,2,P u,3,Ġ P u,1,12,36,"fragmentado, separador adicional","mp-1207268, mp-1205571, mp-571448"
Pm,elemento,12,2,False,False,False,False,2,P m,3,Ġ P m,1,12,34,"fragmentado, separador adicional","mp-1232181, mp-1232276"
Tm,elemento,12,5,False,False,False,False,2,T m,3,Ġ T m,1,12,31,"fragmentado, separador adicional","mp-1101266, mp-754827, mp-1216628"
Th,elemento,9,4,False,False,False,False,2,T h,3,Ġ T h,1,9,24,"fragmentado, separador adicional","mp-1206598, mp-1189150, mp-1105961"
Yb,elemento,9,3,False,False,False,False,2,Y b,3,Ġ Y b,1,9,24,"fragmentado, separador adicional","mp-10314, mp-864675, mp-3216821"
Ac,elemento,2,2,False,False,False,False,2,A c,3,Ġ A c,1,2,4,"fragmentado, separador adicional","mp-861884, mp-861460"
Np,elemento,2,2,False,False,False,False,2,N p,3,Ġ N p,1,2,5,"fragmentado, separador adicional","mp-1180306, mp-1209793"
Xe,elemento,2,1,False,False,False,False,2,X e,3,Ġ X e,1,2,6,"fragmentado, separador adicional",mp-1190046
