metric,BASE,ADAPTED,improvement
vocab_size,767.0,1021.0,254.0
median_hf_tokens,296.0,112.0,184.0
p95_hf_tokens,1004.0,351.0,653.0
p99_hf_tokens,1807.0599999999977,610.0,1197.0599999999977
max_hf_tokens,9463.0,2861.0,6602.0
global_fertility,2.758055991235085,1.0,1.7580559912350848
mean_fertility,2.705353041198079,1.0,1.7053530411980788
median_fertility,2.676470588235294,1.0,1.676470588235294
p95_fertility,2.8952618453865338,1.0,1.8952618453865338
percent_over_128,96.82993659873198,44.06888137762755,52.76105522110443
percent_over_256,61.578231564631295,11.066221324426488,50.51201024020481
percent_over_512,22.34544690893818,1.6820336406728136,20.663413268265366
percent_over_1024,4.6010920218404365,0.058001160023200465,4.543090861817236
percent_over_2048,0.5410108202164043,0.006000120002400048,0.5350107002140043
unk_rate,0.0,0.0,0.0
element_isolated_one_token_percent,31.720970540644462,100.0,68.27902945935554
element_contextual_alignment_percent,0.0,100.0,100.0
integer_isolated_one_token_percent,83.15857017395814,100.0,16.84142982604186
integer_contextual_alignment_percent,0.0,100.0,100.0
periodic_direction_isolated_one_token_percent,0.0,100.0,100.0
periodic_direction_contextual_alignment_percent,0.0,100.0,100.0
other_isolated_one_token_percent,66.64987343638643,100.0,33.35012656361357
other_contextual_alignment_percent,11.170439744325861,100.0,88.82956025567414
global_isolated_one_token_percent,54.46616466292724,100.0,45.53383533707276
global_contextual_alignment_percent,0.6818898901732996,100.0,99.3181101098267
