mat_id,reduced_formula,nsites,slices_whitespace_tokens,base_hf_tokens_with_special,adapted_hf_tokens_with_special,base_fertility,adapted_fertility,tokens_saved,percent_reduction
agm006232788,Mg149Mo,150,2859,9463,2861,3.309199020636586,1.0,6602,69.76645883969142
agm006227864,Mg149V,150,2859,9462,2861,3.308849247988807,1.0,6601,69.76326358063834
agm005259460,Ho6Nb4Al43,106,2113,6737,2115,3.187411263606247,1.0,4622,68.60620454208104
agm009196688,Ca6Al43Cr4,106,2113,6737,2115,3.187411263606247,1.0,4622,68.60620454208104
agm009213488,Pu6Al43Cr4,106,2113,6737,2115,3.187411263606247,1.0,4622,68.60620454208104
agm008283116,Tm6Al41Cr6,106,2111,6731,2113,3.187588820464235,1.0,4618,68.60793344228198
agm006223341,Mg21Zn25,92,1901,5964,1903,3.1362440820620727,1.0,4061,68.09188464118041
agm008256161,Ca14(AlSn)3,80,1604,5002,1606,3.117206982543641,1.0,3396,67.89284286285486
agm008230075,Er14(AlCo)3,80,1604,4989,1606,3.1091022443890273,1.0,3383,67.80918019643215
agm007896520,Sm2(Al5Ru)3,80,1601,4969,1603,3.1024359775140535,1.0,3366,67.73998792513584
agm005289212,Y14(InRh)3,80,1604,4940,1606,3.0785536159600997,1.0,3334,67.48987854251013
agm008230804,Tm14(TlNi)3,80,1580,4916,1582,3.110126582278481,1.0,3334,67.8193653376729
agm011230825,Cs2SmSi4O10F,144,1483,4613,1485,3.109238031018206,1.0,3128,67.8083676566226
agm005270198,Nd10S14O,100,1458,4563,1460,3.128257887517147,1.0,3103,68.00350646504492
agm005242250,La20S29O,100,1443,4525,1445,3.1344421344421343,1.0,3080,68.06629834254143
agm017219860,Th8Ni17As14,78,1463,4506,1465,3.0786056049213943,1.0,3041,67.48779405237461
agm007843351,Mn17Al53Si12,82,1417,4438,1419,3.1305575158786167,1.0,3019,68.02613789995493
agm023743964,TbHoMn14C,68,1433,4382,1435,3.0565247732030705,1.0,2947,67.25239616613419
agm022365835,DyTmFe14C,68,1409,4318,1411,3.063165365507452,1.0,2907,67.32283464566929
agm023959528,CeErFe14C,68,1409,4318,1411,3.063165365507452,1.0,2907,67.32283464566929
agm022352617,SmHoCo14C,68,1403,4302,1405,3.0648610121168924,1.0,2897,67.34077173407718
agm019923150,Ce3Er(Mn14B)2,68,1391,4253,1393,3.05607476635514,1.0,2860,67.24664942393605
agm006231351,Zr3(VGa2)2,72,1375,4239,1377,3.0814545454545454,1.0,2862,67.51592356687898
agm023026589,TbPrCo14C,68,1379,4229,1381,3.0652646845540246,1.0,2848,67.34452589264602
agm020359723,Ce3Nd(Fe14B)2,68,1379,4221,1381,3.0594633792603334,1.0,2840,67.28263444681355
agm020031762,SmDy3(Fe14B)2,68,1379,4221,1381,3.0594633792603334,1.0,2840,67.28263444681355
agm020223139,NdSm3(Fe14B)2,68,1379,4221,1381,3.0594633792603334,1.0,2840,67.28263444681355
agm022680093,SmTmMn14B,68,1379,4221,1381,3.0594633792603334,1.0,2840,67.28263444681355
agm006228780,Ce2Fe14B,68,1379,4221,1381,3.0594633792603334,1.0,2840,67.28263444681355
agm005284860,La23Cd4Ir7,68,1373,4217,1375,3.069919883466861,1.0,2842,67.39388190656865
agm008589474,Dy23Co7Hg4,68,1373,4217,1375,3.069919883466861,1.0,2842,67.39388190656865
agm019937964,Y3Tm(Fe14B)2,68,1379,4215,1381,3.0551124002900654,1.0,2834,67.23606168446027
agm008104862,Al56Co14Ge3,73,1344,4160,1346,3.09375,1.0,2814,67.64423076923077
agm008290382,Ho8Ni18As11,74,1334,4102,1336,3.073463268365817,1.0,2766,67.4305216967333
agm008585659,Sc23Co7Hg4,68,1337,4063,1339,3.037397157816006,1.0,2724,67.04405611617032
agm005261672,GdCO4,108,1267,4012,1269,3.164956590370955,1.0,2743,68.36989032901296
agm007870712,Nd14(As8Ir11)3,71,1296,3982,1298,3.0709876543209877,1.0,2684,67.40331491712708
agm007875832,Ho14(Co11P8)3,71,1302,3961,1304,3.0407066052227343,1.0,2657,67.07902044938147
agm008293437,Mg11(B4Rh9)2,74,1283,3939,1285,3.06858924395947,1.0,2654,67.37750698146738
agm001164637,Cs3Ge5Au12,80,1245,3819,1247,3.065863453815261,1.0,2572,67.34747316051322
agm005256591,Th14Ag51,65,1230,3799,1232,3.086991869918699,1.0,2567,67.57041326664911
agm005274054,Ca5(ReO6)2,114,1203,3786,1205,3.1454696591853697,1.0,2581,68.17221341785526
agm006222253,Gd6(Ga3Co)7,68,1217,3720,1219,3.0550534100246507,1.0,2501,67.23118279569893
agm006613168,Ho2Mg(H4Pd)2,104,1117,3458,1119,3.0940017905102954,1.0,2339,67.64025448235975
agm008109170,Sm4Be51B,56,1143,3449,1145,3.015748031496063,1.0,2304,66.80197158596695
agm008293016,CsPu6F25,64,1105,3360,1107,3.038914027149321,1.0,2253,67.05357142857143
agm005234040,CaSnAu,60,1087,3311,1089,3.044158233670653,1.0,2222,67.10963455149502
agm003278570,Ca(Al5Cr)2,52,1096,3305,1098,3.0136861313868613,1.0,2207,66.77760968229954
agm021538041,Sr9LaHf10O30,100,1075,3292,1077,3.0604651162790697,1.0,2215,67.28432563791009
agm003283112,CsSi,64,1047,3207,1049,3.061127029608405,1.0,2158,67.2903024633614
agm008119186,Bi16Rh11Cl6,66,1041,3197,1043,3.069164265129683,1.0,2154,67.37566468564279
agm009249452,Y36Al5Ni13,54,1057,3172,1059,2.999053926206244,1.0,2113,66.6141235813367
agm008224773,Ba6In12Au11,58,1045,3153,1047,3.015311004784689,1.0,2106,66.79352997145575
agm009575098,La6Si19Rh30,55,1041,3148,1043,3.02209414024976,1.0,2105,66.86785260482846
agm006231588,K15Os7N19,82,1033,3146,1035,3.0435624394966116,1.0,2111,67.10108073744438
agm003284822,K2Na2NdF7,72,1021,3123,1023,3.0568070519098924,1.0,2100,67.24303554274736
agm009584783,Tm6Si19Ir30,55,1032,3121,1034,3.022286821705426,1.0,2087,66.8695930791413
agm008282449,Y3(In3Ir)4,57,1036,3117,1038,3.0067567567567566,1.0,2079,66.69874879692011
agm009614780,Nd6Mn30P19,55,1034,3092,1036,2.988394584139265,1.0,2056,66.49417852522639
agm010256246,Na3LiDy3As3CO15F2,112,987,3085,989,3.1236068895643365,1.0,2096,67.94165316045381
agm005255171,Na3B6BrO10,80,999,3068,1001,3.069069069069069,1.0,2067,67.37288135593221
agm012740346,CeGe3Pd5,54,1015,3066,1017,3.0187192118226602,1.0,2049,66.82974559686889
agm012695451,ThSi3Ir5,54,1015,3066,1017,3.0187192118226602,1.0,2049,66.82974559686889
agm009574611,Y6Ge19Pd30,55,1014,3059,1016,3.014792899408284,1.0,2043,66.78653154625695
agm023396969,Ta6TlBr15,88,1005,3057,1007,3.0398009950248754,1.0,2050,67.05920837422309
agm008283764,Ho3(CuSn3)4,57,1006,3050,1008,3.029821073558648,1.0,2042,66.95081967213115
agm008084122,Ba7Ge3S13,92,999,3045,1001,3.046046046046046,1.0,2044,67.1264367816092
agm007937126,Sm2Al19Co6,54,1000,3029,1002,3.027,1.0,2027,66.9197755034665
agm021588457,Rb4Sm6CoBr14,100,976,2995,978,3.0665983606557377,1.0,2017,67.34557595993323
agm021759404,Rb4Pr6RuI14,100,976,2995,978,3.0665983606557377,1.0,2017,67.34557595993323
agm007769720,Nd6Se11,68,965,2988,967,3.094300518134715,1.0,2021,67.6372155287818
agm001165518,Tb12In5Ru3,80,957,2983,959,3.1149425287356323,1.0,2024,67.8511565538049
agm020304968,Na4MnP2O9,128,951,2981,953,3.132492113564669,1.0,2028,68.03086212680309
agm022444872,Er4GaSbS9,120,945,2976,947,3.147089947089947,1.0,2029,68.17876344086021
agm010640499,Rb6Sr2Ni5(P2O7)5,116,965,2973,967,3.078756476683938,1.0,2006,67.47393205516313
agm099020648,NbH2,72,969,2962,971,3.0546955624355006,1.0,1991,67.21809588116137
agm008596976,Ce4Si9Pd13,52,980,2947,982,3.0051020408163267,1.0,1965,66.6779776043434
agm008596486,Zr4Si9Ir13,52,980,2947,982,3.0051020408163267,1.0,1965,66.6779776043434
agm008595917,Sr4Si9Rh13,52,980,2947,982,3.0051020408163267,1.0,1965,66.6779776043434
agm007937280,Tb2Al19Fe6,54,967,2930,969,3.0279214064115823,1.0,1961,66.9283276450512
agm026155620,Pu2Si4Pd7,52,971,2923,973,3.008238928939238,1.0,1950,66.71228190215533
agm010370456,KNa2B6BrO10,80,963,2913,965,3.022845275181724,1.0,1948,66.87263989014761
agm071530884,K11Rb,48,983,2901,985,2.9491353001017293,1.0,1916,66.0461909686315
agm006329688,AlCuH18(BrN)6,128,929,2893,931,3.1119483315392897,1.0,1962,67.81887314206706
agm008300390,Dy3(Al3Au2)2,52,959,2883,961,3.0041710114702815,1.0,1922,66.66666666666667
agm006234989,Li2Ni2(SO4)3,152,927,2882,929,3.1067961165048543,1.0,1953,67.76544066620403
agm020055521,K3ScGe2O7,78,951,2860,953,3.0052576235541535,1.0,1907,66.67832167832168
agm007760881,Mn4Al13,51,940,2849,942,3.0287234042553193,1.0,1907,66.93576693576694
agm003278938,Si17CO34,104,950,2829,952,2.9757894736842103,1.0,1877,66.3485330505479
agm006296089,Cs2MnH8(CO5)2,92,963,2822,965,2.9283489096573208,1.0,1857,65.80439404677534
agm010836608,Cs2NbV3(PO6)3,108,945,2806,947,2.967195767195767,1.0,1859,66.25089094796864
agm010544251,Ba4TbSi3BiTe13,88,909,2805,911,3.0836083608360836,1.0,1894,67.52228163992869
agm005268871,Er17(TeRu2)3,52,925,2800,927,3.024864864864865,1.0,1873,66.89285714285714
agm001818957,Zn5(CdGa4)3,80,885,2773,887,3.1310734463276835,1.0,1886,68.01298232960693
agm011006154,Sm4Si4BrN7O3,76,923,2772,925,3.001083423618635,1.0,1847,66.63059163059162
agm001820547,Ga5(Au4I)3,80,885,2767,887,3.1242937853107344,1.0,1880,67.94362125045176
agm091074029,Hf4ZrH24,58,919,2756,921,2.996735582154516,1.0,1835,66.58200290275762
agm001165984,Ho5(ThCd4)3,80,885,2751,887,3.1062146892655367,1.0,1864,67.75717920756088
agm001168576,Nd3Mg5In12,80,885,2751,887,3.1062146892655367,1.0,1864,67.75717920756088
agm001166050,Mg3Sn5Au12,80,885,2751,887,3.1062146892655367,1.0,1864,67.75717920756088
