token,token_id
ooo,767
+oo,768
-oo,769
o-o,770
o+o,771
oo-,772
10,773
oo+,774
11,775
OOO,776
14,777
15,778
--o,779
++o,780
16,781
17,782
-o-,783
o--,784
18,785
o++,786
+o+,787
19,788
+-o,789
---,790
20,791
+o-,792
22,793
-o+,794
-+o,795
o+-,796
o-+,797
25,798
+++,799
DDO,800
26,801
27,802
Se,803
28,804
29,805
Pd,806
La,807
30,808
In,809
Te,810
DDD,811
Ni,812
Zn,813
Tb,814
Rh,815
Ga,816
Mg,817
Nd,818
Dy,819
Pr,820
Al,821
Tl,822
Sm,823
Pt,824
Hg,825
Er,826
Tm,827
Ho,828
Au,829
Li,830
ODD,831
Pm,832
33,833
Cd,834
Cu,835
Si,836
Ge,837
As,838
Ag,839
DOD,840
Co,841
36,842
Sn,843
37,844
Ca,845
Na,846
Ba,847
Sr,848
Sb,849
ECC,850
OOD,851
Fe,852
38,853
39,854
Pb,855
Rb,856
Ir,857
Mn,858
Ru,859
Ac,860
Ce,861
Bi,862
Cs,863
Zr,864
40,865
Ti,866
44,867
Th,868
46,869
47,870
Hf,871
Cr,872
--+,873
Ta,874
Os,875
48,876
Nb,877
49,878
Be,879
Mo,880
Tc,881
51,882
50,883
53,884
52,885
Pu,886
55,887
Re,888
56,889
57,890
59,891
58,892
++-,893
ODO,894
61,895
60,896
62,897
63,898
Pa,899
65,900
64,901
67,902
66,903
69,904
68,905
70,906
71,907
Np,908
72,909
73,910
74,911
75,912
76,913
77,914
78,915
79,916
DOF,917
+--,918
-++,919
+-+,920
-+-,921
Gd,922
Lu,923
Eu,924
ODB,925
81,926
80,927
82,928
YBO,929
83,930
Yb,931
BBB,932
87,933
84,934
86,935
85,936
90,937
88,938
91,939
89,940
BFF,941
ZZZ,942
93,943
94,944
92,945
95,946
BBO,947
96,948
99,949
97,950
DOO,951
98,952
OBZ,953
FBB,954
FBF,955
100,956
101,957
102,958
103,959
104,960
105,961
106,962
107,963
108,964
109,965
110,966
111,967
115,968
114,969
112,970
113,971
116,972
119,973
117,974
118,975
YYY,976
121,977
124,978
122,979
120,980
126,981
127,982
125,983
138,984
139,985
137,986
136,987
134,988
135,989
133,990
132,991
131,992
129,993
128,994
130,995
YYO,996
140,997
YBY,998
141,999
142,1000
143,1001
OOE,1002
146,1003
147,1004
149,1005
148,1006
144,1007
145,1008
OOC,1009
DDB,1010
OYZ,1011
DDF,1012
OOB,1013
Xe,1014
DOB,1015
OBB,1016
151,1017
150,1018
He,1019
OOF,1020
