token,token_type,frequency,base_n_subtokens,base_tokens,reason_for_adaptation
ooo,periodic_direction,1558575,3,"[""o"", ""o"", ""o""]",aislado se divide en varias piezas; con whitespace precedente requiere varias piezas (overhead Ġ/contexto)
0,integer,1015470,1,"[""0""]",con whitespace precedente requiere varias piezas (overhead Ġ/contexto)
1,integer,976388,1,"[""1""]",con whitespace precedente requiere varias piezas (overhead Ġ/contexto)
2,integer,936967,1,"[""2""]",con whitespace precedente requiere varias piezas (overhead Ġ/contexto)
3,integer,902502,1,"[""3""]",con whitespace precedente requiere varias piezas (overhead Ġ/contexto)
4,integer,653939,1,"[""4""]",con whitespace precedente requiere varias piezas (overhead Ġ/contexto)
5,integer,539571,1,"[""5""]",con whitespace precedente requiere varias piezas (overhead Ġ/contexto)
6,integer,460964,1,"[""6""]",con whitespace precedente requiere varias piezas (overhead Ġ/contexto)
7,integer,430143,1,"[""7""]",con whitespace precedente requiere varias piezas (overhead Ġ/contexto)
+oo,periodic_direction,382782,3,"[""+"", ""o"", ""o""]",aislado se divide en varias piezas; con whitespace precedente requiere varias piezas (overhead Ġ/contexto)
-oo,periodic_direction,367083,3,"[""-"", ""o"", ""o""]",aislado se divide en varias piezas; con whitespace precedente requiere varias piezas (overhead Ġ/contexto)
8,integer,352913,1,"[""8""]",con whitespace precedente requiere varias piezas (overhead Ġ/contexto)
o-o,periodic_direction,327509,3,"[""o"", ""-"", ""o""]",aislado se divide en varias piezas; con whitespace precedente requiere varias piezas (overhead Ġ/contexto)
o+o,periodic_direction,327014,3,"[""o"", ""+"", ""o""]",aislado se divide en varias piezas; con whitespace precedente requiere varias piezas (overhead Ġ/contexto)
9,integer,318109,1,"[""9""]",con whitespace precedente requiere varias piezas (overhead Ġ/contexto)
oo-,periodic_direction,269457,3,"[""o"", ""o"", ""-""]",aislado se divide en varias piezas; con whitespace precedente requiere varias piezas (overhead Ġ/contexto)
10,integer,256291,2,"[""1"", ""0""]",aislado se divide en varias piezas; con whitespace precedente requiere varias piezas (overhead Ġ/contexto)
oo+,periodic_direction,250503,3,"[""o"", ""o"", ""+""]",aislado se divide en varias piezas; con whitespace precedente requiere varias piezas (overhead Ġ/contexto)
11,integer,234409,2,"[""1"", ""1""]",aislado se divide en varias piezas; con whitespace precedente requiere varias piezas (overhead Ġ/contexto)
OOO,other,202513,3,"[""O"", ""O"", ""O""]",aislado se divide en varias piezas; con whitespace precedente requiere varias piezas (overhead Ġ/contexto)
12,integer,152550,1,"[""12""]",con whitespace precedente requiere varias piezas (overhead Ġ/contexto)
13,integer,144443,1,"[""13""]",con whitespace precedente requiere varias piezas (overhead Ġ/contexto)
o,other,126797,1,"[""o""]",con whitespace precedente requiere varias piezas (overhead Ġ/contexto)
14,integer,126709,2,"[""1"", ""4""]",aislado se divide en varias piezas; con whitespace precedente requiere varias piezas (overhead Ġ/contexto)
15,integer,117151,2,"[""1"", ""5""]",aislado se divide en varias piezas; con whitespace precedente requiere varias piezas (overhead Ġ/contexto)
--o,periodic_direction,110977,3,"[""-"", ""-"", ""o""]",aislado se divide en varias piezas; con whitespace precedente requiere varias piezas (overhead Ġ/contexto)
O,element,95506,1,"[""O""]",con whitespace precedente requiere varias piezas (overhead Ġ/contexto)
++o,periodic_direction,94880,3,"[""+"", ""+"", ""o""]",aislado se divide en varias piezas; con whitespace precedente requiere varias piezas (overhead Ġ/contexto)
16,integer,87244,2,"[""1"", ""6""]",aislado se divide en varias piezas; con whitespace precedente requiere varias piezas (overhead Ġ/contexto)
17,integer,84106,2,"[""1"", ""7""]",aislado se divide en varias piezas; con whitespace precedente requiere varias piezas (overhead Ġ/contexto)
-o-,periodic_direction,78662,3,"[""-"", ""o"", ""-""]",aislado se divide en varias piezas; con whitespace precedente requiere varias piezas (overhead Ġ/contexto)
o--,periodic_direction,77147,3,"[""o"", ""-"", ""-""]",aislado se divide en varias piezas; con whitespace precedente requiere varias piezas (overhead Ġ/contexto)
+,other,73199,1,"[""+""]",con whitespace precedente requiere varias piezas (overhead Ġ/contexto)
c,other,66238,1,"[""c""]",con whitespace precedente requiere varias piezas (overhead Ġ/contexto)
18,integer,64620,2,"[""1"", ""8""]",aislado se divide en varias piezas; con whitespace precedente requiere varias piezas (overhead Ġ/contexto)
o++,periodic_direction,64225,3,"[""o"", ""+"", ""+""]",aislado se divide en varias piezas; con whitespace precedente requiere varias piezas (overhead Ġ/contexto)
+o+,periodic_direction,63965,3,"[""+"", ""o"", ""+""]",aislado se divide en varias piezas; con whitespace precedente requiere varias piezas (overhead Ġ/contexto)
a,other,63105,1,"[""a""]",con whitespace precedente requiere varias piezas (overhead Ġ/contexto)
b,other,61016,1,"[""b""]",con whitespace precedente requiere varias piezas (overhead Ġ/contexto)
19,integer,57401,2,"[""1"", ""9""]",aislado se divide en varias piezas; con whitespace precedente requiere varias piezas (overhead Ġ/contexto)
+-o,periodic_direction,46814,3,"[""+"", ""-"", ""o""]",aislado se divide en varias piezas; con whitespace precedente requiere varias piezas (overhead Ġ/contexto)
H,element,43519,1,"[""H""]",con whitespace precedente requiere varias piezas (overhead Ġ/contexto)
w,other,42289,1,"[""w""]",con whitespace precedente requiere varias piezas (overhead Ġ/contexto)
---,periodic_direction,37019,3,"[""-"", ""-"", ""-""]",aislado se divide en varias piezas; con whitespace precedente requiere varias piezas (overhead Ġ/contexto)
20,integer,35399,2,"[""2"", ""0""]",aislado se divide en varias piezas; con whitespace precedente requiere varias piezas (overhead Ġ/contexto)
+o-,periodic_direction,35244,3,"[""+"", ""o"", ""-""]",aislado se divide en varias piezas; con whitespace precedente requiere varias piezas (overhead Ġ/contexto)
21,integer,34399,1,"[""21""]",con whitespace precedente requiere varias piezas (overhead Ġ/contexto)
22,integer,31655,2,"[""2"", ""2""]",aislado se divide en varias piezas; con whitespace precedente requiere varias piezas (overhead Ġ/contexto)
23,integer,31620,1,"[""23""]",con whitespace precedente requiere varias piezas (overhead Ġ/contexto)
-o+,periodic_direction,29619,3,"[""-"", ""o"", ""+""]",aislado se divide en varias piezas; con whitespace precedente requiere varias piezas (overhead Ġ/contexto)
-+o,periodic_direction,29425,3,"[""-"", ""+"", ""o""]",aislado se divide en varias piezas; con whitespace precedente requiere varias piezas (overhead Ġ/contexto)
o+-,periodic_direction,29357,3,"[""o"", ""+"", ""-""]",aislado se divide en varias piezas; con whitespace precedente requiere varias piezas (overhead Ġ/contexto)
24,integer,25663,1,"[""24""]",con whitespace precedente requiere varias piezas (overhead Ġ/contexto)
o-+,periodic_direction,25550,3,"[""o"", ""-"", ""+""]",aislado se divide en varias piezas; con whitespace precedente requiere varias piezas (overhead Ġ/contexto)
25,integer,25085,2,"[""2"", ""5""]",aislado se divide en varias piezas; con whitespace precedente requiere varias piezas (overhead Ġ/contexto)
+++,periodic_direction,25004,3,"[""+"", ""+"", ""+""]",aislado se divide en varias piezas; con whitespace precedente requiere varias piezas (overhead Ġ/contexto)
DDO,other,24300,3,"[""D"", ""D"", ""O""]",aislado se divide en varias piezas; con whitespace precedente requiere varias piezas (overhead Ġ/contexto)
26,integer,23141,2,"[""2"", ""6""]",aislado se divide en varias piezas; con whitespace precedente requiere varias piezas (overhead Ġ/contexto)
27,integer,22999,2,"[""2"", ""7""]",aislado se divide en varias piezas; con whitespace precedente requiere varias piezas (overhead Ġ/contexto)
g,other,22973,1,"[""g""]",con whitespace precedente requiere varias piezas (overhead Ġ/contexto)
x,other,22862,1,"[""x""]",con whitespace precedente requiere varias piezas (overhead Ġ/contexto)
S,element,22752,1,"[""S""]",con whitespace precedente requiere varias piezas (overhead Ġ/contexto)
Se,element,22611,2,"[""S"", ""e""]",aislado se divide en varias piezas; con whitespace precedente requiere varias piezas (overhead Ġ/contexto)
e,other,21797,1,"[""e""]",con whitespace precedente requiere varias piezas (overhead Ġ/contexto)
28,integer,19964,2,"[""2"", ""8""]",aislado se divide en varias piezas; con whitespace precedente requiere varias piezas (overhead Ġ/contexto)
F,element,18866,1,"[""F""]",con whitespace precedente requiere varias piezas (overhead Ġ/contexto)
n,other,18424,1,"[""n""]",con whitespace precedente requiere varias piezas (overhead Ġ/contexto)
Cl,element,18200,1,"[""Cl""]",con whitespace precedente requiere varias piezas (overhead Ġ/contexto)
29,integer,17934,2,"[""2"", ""9""]",aislado se divide en varias piezas; con whitespace precedente requiere varias piezas (overhead Ġ/contexto)
Pd,element,17514,2,"[""P"", ""d""]",aislado se divide en varias piezas; con whitespace precedente requiere varias piezas (overhead Ġ/contexto)
La,element,17484,2,"[""L"", ""a""]",aislado se divide en varias piezas; con whitespace precedente requiere varias piezas (overhead Ġ/contexto)
Br,element,16632,1,"[""Br""]",con whitespace precedente requiere varias piezas (overhead Ġ/contexto)
Y,element,16453,1,"[""Y""]",con whitespace precedente requiere varias piezas (overhead Ġ/contexto)
30,integer,15965,2,"[""3"", ""0""]",aislado se divide en varias piezas; con whitespace precedente requiere varias piezas (overhead Ġ/contexto)
In,element,15935,2,"[""I"", ""n""]",aislado se divide en varias piezas; con whitespace precedente requiere varias piezas (overhead Ġ/contexto)
31,integer,15864,1,"[""31""]",con whitespace precedente requiere varias piezas (overhead Ġ/contexto)
Te,element,15632,2,"[""T"", ""e""]",aislado se divide en varias piezas; con whitespace precedente requiere varias piezas (overhead Ġ/contexto)
d,other,15478,1,"[""d""]",con whitespace precedente requiere varias piezas (overhead Ġ/contexto)
N,element,15412,1,"[""N""]",con whitespace precedente requiere varias piezas (overhead Ġ/contexto)
DDD,other,15234,3,"[""D"", ""D"", ""D""]",aislado se divide en varias piezas; con whitespace precedente requiere varias piezas (overhead Ġ/contexto)
Ni,element,14919,2,"[""N"", ""i""]",aislado se divide en varias piezas; con whitespace precedente requiere varias piezas (overhead Ġ/contexto)
Zn,element,14801,2,"[""Z"", ""n""]",aislado se divide en varias piezas; con whitespace precedente requiere varias piezas (overhead Ġ/contexto)
v,other,14704,1,"[""v""]",con whitespace precedente requiere varias piezas (overhead Ġ/contexto)
Tb,element,14520,2,"[""T"", ""b""]",aislado se divide en varias piezas; con whitespace precedente requiere varias piezas (overhead Ġ/contexto)
Rh,element,14354,2,"[""R"", ""h""]",aislado se divide en varias piezas; con whitespace precedente requiere varias piezas (overhead Ġ/contexto)
Ga,element,14307,2,"[""G"", ""a""]",aislado se divide en varias piezas; con whitespace precedente requiere varias piezas (overhead Ġ/contexto)
Mg,element,14235,2,"[""M"", ""g""]",aislado se divide en varias piezas; con whitespace precedente requiere varias piezas (overhead Ġ/contexto)
Nd,element,14196,2,"[""N"", ""d""]",aislado se divide en varias piezas; con whitespace precedente requiere varias piezas (overhead Ġ/contexto)
Dy,element,14173,2,"[""D"", ""y""]",aislado se divide en varias piezas; con whitespace precedente requiere varias piezas (overhead Ġ/contexto)
Pr,element,14134,2,"[""P"", ""r""]",aislado se divide en varias piezas; con whitespace precedente requiere varias piezas (overhead Ġ/contexto)
Al,element,14118,2,"[""A"", ""l""]",aislado se divide en varias piezas; con whitespace precedente requiere varias piezas (overhead Ġ/contexto)
Tl,element,14102,2,"[""T"", ""l""]",aislado se divide en varias piezas; con whitespace precedente requiere varias piezas (overhead Ġ/contexto)
Sm,element,13961,2,"[""S"", ""m""]",aislado se divide en varias piezas; con whitespace precedente requiere varias piezas (overhead Ġ/contexto)
P,element,13873,1,"[""P""]",con whitespace precedente requiere varias piezas (overhead Ġ/contexto)
Pt,element,13723,2,"[""P"", ""t""]",aislado se divide en varias piezas; con whitespace precedente requiere varias piezas (overhead Ġ/contexto)
Hg,element,13466,2,"[""H"", ""g""]",aislado se divide en varias piezas; con whitespace precedente requiere varias piezas (overhead Ġ/contexto)
Er,element,13337,2,"[""E"", ""r""]",aislado se divide en varias piezas; con whitespace precedente requiere varias piezas (overhead Ġ/contexto)
Tm,element,13337,2,"[""T"", ""m""]",aislado se divide en varias piezas; con whitespace precedente requiere varias piezas (overhead Ġ/contexto)
Ho,element,13274,2,"[""H"", ""o""]",aislado se divide en varias piezas; con whitespace precedente requiere varias piezas (overhead Ġ/contexto)
Au,element,13241,2,"[""A"", ""u""]",aislado se divide en varias piezas; con whitespace precedente requiere varias piezas (overhead Ġ/contexto)
Li,element,13214,2,"[""L"", ""i""]",aislado se divide en varias piezas; con whitespace precedente requiere varias piezas (overhead Ġ/contexto)
ODD,other,13173,3,"[""O"", ""D"", ""D""]",aislado se divide en varias piezas; con whitespace precedente requiere varias piezas (overhead Ġ/contexto)
32,integer,13172,1,"[""32""]",con whitespace precedente requiere varias piezas (overhead Ġ/contexto)
Pm,element,13131,2,"[""P"", ""m""]",aislado se divide en varias piezas; con whitespace precedente requiere varias piezas (overhead Ġ/contexto)
33,integer,13057,2,"[""3"", ""3""]",aislado se divide en varias piezas; con whitespace precedente requiere varias piezas (overhead Ġ/contexto)
Cd,element,13053,2,"[""C"", ""d""]",aislado se divide en varias piezas; con whitespace precedente requiere varias piezas (overhead Ġ/contexto)
Cu,element,12937,2,"[""C"", ""u""]",aislado se divide en varias piezas; con whitespace precedente requiere varias piezas (overhead Ġ/contexto)
34,integer,12912,1,"[""34""]",con whitespace precedente requiere varias piezas (overhead Ġ/contexto)
35,integer,12828,1,"[""35""]",con whitespace precedente requiere varias piezas (overhead Ġ/contexto)
Si,element,12622,2,"[""S"", ""i""]",aislado se divide en varias piezas; con whitespace precedente requiere varias piezas (overhead Ġ/contexto)
Ge,element,12365,2,"[""G"", ""e""]",aislado se divide en varias piezas; con whitespace precedente requiere varias piezas (overhead Ġ/contexto)
As,element,12346,2,"[""A"", ""s""]",aislado se divide en varias piezas; con whitespace precedente requiere varias piezas (overhead Ġ/contexto)
Ag,element,12302,2,"[""A"", ""g""]",aislado se divide en varias piezas; con whitespace precedente requiere varias piezas (overhead Ġ/contexto)
I,element,11936,1,"[""I""]",con whitespace precedente requiere varias piezas (overhead Ġ/contexto)
DOD,other,11926,3,"[""D"", ""O"", ""D""]",aislado se divide en varias piezas; con whitespace precedente requiere varias piezas (overhead Ġ/contexto)
Sc,element,11876,1,"[""Sc""]",con whitespace precedente requiere varias piezas (overhead Ġ/contexto)
Co,element,11751,2,"[""C"", ""o""]",aislado se divide en varias piezas; con whitespace precedente requiere varias piezas (overhead Ġ/contexto)
K,element,11384,1,"[""K""]",con whitespace precedente requiere varias piezas (overhead Ġ/contexto)
36,integer,11060,2,"[""3"", ""6""]",aislado se divide en varias piezas; con whitespace precedente requiere varias piezas (overhead Ġ/contexto)
Sn,element,11003,2,"[""S"", ""n""]",aislado se divide en varias piezas; con whitespace precedente requiere varias piezas (overhead Ġ/contexto)
37,integer,10963,2,"[""3"", ""7""]",aislado se divide en varias piezas; con whitespace precedente requiere varias piezas (overhead Ġ/contexto)
Ca,element,10676,2,"[""C"", ""a""]",aislado se divide en varias piezas; con whitespace precedente requiere varias piezas (overhead Ġ/contexto)
Na,element,10577,2,"[""N"", ""a""]",aislado se divide en varias piezas; con whitespace precedente requiere varias piezas (overhead Ġ/contexto)
Ba,element,10540,2,"[""B"", ""a""]",aislado se divide en varias piezas; con whitespace precedente requiere varias piezas (overhead Ġ/contexto)
Sr,element,10511,2,"[""S"", ""r""]",aislado se divide en varias piezas; con whitespace precedente requiere varias piezas (overhead Ġ/contexto)
Sb,element,10423,2,"[""S"", ""b""]",aislado se divide en varias piezas; con whitespace precedente requiere varias piezas (overhead Ġ/contexto)
j,other,10412,1,"[""j""]",con whitespace precedente requiere varias piezas (overhead Ġ/contexto)
ECC,other,10342,2,"[""E"", ""CC""]",aislado se divide en varias piezas; con whitespace precedente requiere varias piezas (overhead Ġ/contexto)
OOD,other,10284,3,"[""O"", ""O"", ""D""]",aislado se divide en varias piezas; con whitespace precedente requiere varias piezas (overhead Ġ/contexto)
Fe,element,10200,2,"[""F"", ""e""]",aislado se divide en varias piezas; con whitespace precedente requiere varias piezas (overhead Ġ/contexto)
38,integer,10020,2,"[""3"", ""8""]",aislado se divide en varias piezas; con whitespace precedente requiere varias piezas (overhead Ġ/contexto)
39,integer,9946,2,"[""3"", ""9""]",aislado se divide en varias piezas; con whitespace precedente requiere varias piezas (overhead Ġ/contexto)
Pb,element,9632,2,"[""P"", ""b""]",aislado se divide en varias piezas; con whitespace precedente requiere varias piezas (overhead Ġ/contexto)
Rb,element,9556,2,"[""R"", ""b""]",aislado se divide en varias piezas; con whitespace precedente requiere varias piezas (overhead Ġ/contexto)
Ir,element,9491,2,"[""I"", ""r""]",aislado se divide en varias piezas; con whitespace precedente requiere varias piezas (overhead Ġ/contexto)
Mn,element,9458,2,"[""M"", ""n""]",aislado se divide en varias piezas; con whitespace precedente requiere varias piezas (overhead Ġ/contexto)
Ru,element,9098,2,"[""R"", ""u""]",aislado se divide en varias piezas; con whitespace precedente requiere varias piezas (overhead Ġ/contexto)
Ac,element,9069,2,"[""A"", ""c""]",aislado se divide en varias piezas; con whitespace precedente requiere varias piezas (overhead Ġ/contexto)
Ce,element,8763,2,"[""C"", ""e""]",aislado se divide en varias piezas; con whitespace precedente requiere varias piezas (overhead Ġ/contexto)
Bi,element,8616,2,"[""B"", ""i""]",aislado se divide en varias piezas; con whitespace precedente requiere varias piezas (overhead Ġ/contexto)
t,other,8586,1,"[""t""]",con whitespace precedente requiere varias piezas (overhead Ġ/contexto)
B,element,8474,1,"[""B""]",con whitespace precedente requiere varias piezas (overhead Ġ/contexto)
Cs,element,8270,2,"[""C"", ""s""]",aislado se divide en varias piezas; con whitespace precedente requiere varias piezas (overhead Ġ/contexto)
Zr,element,8055,2,"[""Z"", ""r""]",aislado se divide en varias piezas; con whitespace precedente requiere varias piezas (overhead Ġ/contexto)
40,integer,8049,2,"[""4"", ""0""]",aislado se divide en varias piezas; con whitespace precedente requiere varias piezas (overhead Ġ/contexto)
41,integer,7987,1,"[""41""]",con whitespace precedente requiere varias piezas (overhead Ġ/contexto)
42,integer,7775,1,"[""42""]",con whitespace precedente requiere varias piezas (overhead Ġ/contexto)
43,integer,7633,1,"[""43""]",con whitespace precedente requiere varias piezas (overhead Ġ/contexto)
Ti,element,7475,2,"[""T"", ""i""]",aislado se divide en varias piezas; con whitespace precedente requiere varias piezas (overhead Ġ/contexto)
44,integer,7134,2,"[""4"", ""4""]",aislado se divide en varias piezas; con whitespace precedente requiere varias piezas (overhead Ġ/contexto)
45,integer,7000,1,"[""45""]",con whitespace precedente requiere varias piezas (overhead Ġ/contexto)
C,element,6838,1,"[""C""]",con whitespace precedente requiere varias piezas (overhead Ġ/contexto)
Th,element,6740,2,"[""T"", ""h""]",aislado se divide en varias piezas; con whitespace precedente requiere varias piezas (overhead Ġ/contexto)
46,integer,6677,2,"[""4"", ""6""]",aislado se divide en varias piezas; con whitespace precedente requiere varias piezas (overhead Ġ/contexto)
47,integer,6610,2,"[""4"", ""7""]",aislado se divide en varias piezas; con whitespace precedente requiere varias piezas (overhead Ġ/contexto)
Hf,element,6329,2,"[""H"", ""f""]",aislado se divide en varias piezas; con whitespace precedente requiere varias piezas (overhead Ġ/contexto)
Cr,element,6236,2,"[""C"", ""r""]",aislado se divide en varias piezas; con whitespace precedente requiere varias piezas (overhead Ġ/contexto)
--+,periodic_direction,5961,3,"[""-"", ""-"", ""+""]",aislado se divide en varias piezas; con whitespace precedente requiere varias piezas (overhead Ġ/contexto)
y,other,5917,1,"[""y""]",con whitespace precedente requiere varias piezas (overhead Ġ/contexto)
Ta,element,5859,2,"[""T"", ""a""]",aislado se divide en varias piezas; con whitespace precedente requiere varias piezas (overhead Ġ/contexto)
V,element,5801,1,"[""V""]",con whitespace precedente requiere varias piezas (overhead Ġ/contexto)
Os,element,5798,2,"[""O"", ""s""]",aislado se divide en varias piezas; con whitespace precedente requiere varias piezas (overhead Ġ/contexto)
48,integer,5755,2,"[""4"", ""8""]",aislado se divide en varias piezas; con whitespace precedente requiere varias piezas (overhead Ġ/contexto)
Nb,element,5753,2,"[""N"", ""b""]",aislado se divide en varias piezas; con whitespace precedente requiere varias piezas (overhead Ġ/contexto)
49,integer,5698,2,"[""4"", ""9""]",aislado se divide en varias piezas; con whitespace precedente requiere varias piezas (overhead Ġ/contexto)
Be,element,5623,2,"[""B"", ""e""]",aislado se divide en varias piezas; con whitespace precedente requiere varias piezas (overhead Ġ/contexto)
Mo,element,5592,2,"[""M"", ""o""]",aislado se divide en varias piezas; con whitespace precedente requiere varias piezas (overhead Ġ/contexto)
Tc,element,5431,2,"[""T"", ""c""]",aislado se divide en varias piezas; con whitespace precedente requiere varias piezas (overhead Ġ/contexto)
l,other,5428,1,"[""l""]",con whitespace precedente requiere varias piezas (overhead Ġ/contexto)
51,integer,5366,2,"[""5"", ""1""]",aislado se divide en varias piezas; con whitespace precedente requiere varias piezas (overhead Ġ/contexto)
50,integer,5357,2,"[""5"", ""0""]",aislado se divide en varias piezas; con whitespace precedente requiere varias piezas (overhead Ġ/contexto)
53,integer,5017,2,"[""5"", ""3""]",aislado se divide en varias piezas; con whitespace precedente requiere varias piezas (overhead Ġ/contexto)
52,integer,5012,2,"[""5"", ""2""]",aislado se divide en varias piezas; con whitespace precedente requiere varias piezas (overhead Ġ/contexto)
Pu,element,4934,2,"[""P"", ""u""]",aislado se divide en varias piezas; con whitespace precedente requiere varias piezas (overhead Ġ/contexto)
54,integer,4799,1,"[""54""]",con whitespace precedente requiere varias piezas (overhead Ġ/contexto)
55,integer,4790,2,"[""5"", ""5""]",aislado se divide en varias piezas; con whitespace precedente requiere varias piezas (overhead Ġ/contexto)
W,element,4326,1,"[""W""]",con whitespace precedente requiere varias piezas (overhead Ġ/contexto)
Re,element,4301,2,"[""R"", ""e""]",aislado se divide en varias piezas; con whitespace precedente requiere varias piezas (overhead Ġ/contexto)
56,integer,4245,2,"[""5"", ""6""]",aislado se divide en varias piezas; con whitespace precedente requiere varias piezas (overhead Ġ/contexto)
57,integer,4217,2,"[""5"", ""7""]",aislado se divide en varias piezas; con whitespace precedente requiere varias piezas (overhead Ġ/contexto)
z,other,4173,1,"[""z""]",con whitespace precedente requiere varias piezas (overhead Ġ/contexto)
59,integer,4116,2,"[""5"", ""9""]",aislado se divide en varias piezas; con whitespace precedente requiere varias piezas (overhead Ġ/contexto)
58,integer,4112,2,"[""5"", ""8""]",aislado se divide en varias piezas; con whitespace precedente requiere varias piezas (overhead Ġ/contexto)
m,other,4097,1,"[""m""]",con whitespace precedente requiere varias piezas (overhead Ġ/contexto)
++-,periodic_direction,4088,3,"[""+"", ""+"", ""-""]",aislado se divide en varias piezas; con whitespace precedente requiere varias piezas (overhead Ġ/contexto)
ODO,other,4035,3,"[""O"", ""D"", ""O""]",aislado se divide en varias piezas; con whitespace precedente requiere varias piezas (overhead Ġ/contexto)
61,integer,3859,2,"[""6"", ""1""]",aislado se divide en varias piezas; con whitespace precedente requiere varias piezas (overhead Ġ/contexto)
60,integer,3833,2,"[""6"", ""0""]",aislado se divide en varias piezas; con whitespace precedente requiere varias piezas (overhead Ġ/contexto)
62,integer,3815,2,"[""6"", ""2""]",aislado se divide en varias piezas; con whitespace precedente requiere varias piezas (overhead Ġ/contexto)
63,integer,3797,2,"[""6"", ""3""]",aislado se divide en varias piezas; con whitespace precedente requiere varias piezas (overhead Ġ/contexto)
k,other,3460,1,"[""k""]",con whitespace precedente requiere varias piezas (overhead Ġ/contexto)
Pa,element,3454,2,"[""P"", ""a""]",aislado se divide en varias piezas; con whitespace precedente requiere varias piezas (overhead Ġ/contexto)
65,integer,3338,2,"[""6"", ""5""]",aislado se divide en varias piezas; con whitespace precedente requiere varias piezas (overhead Ġ/contexto)
64,integer,3334,2,"[""6"", ""4""]",aislado se divide en varias piezas; con whitespace precedente requiere varias piezas (overhead Ġ/contexto)
67,integer,3267,2,"[""6"", ""7""]",aislado se divide en varias piezas; con whitespace precedente requiere varias piezas (overhead Ġ/contexto)
66,integer,3255,2,"[""6"", ""6""]",aislado se divide en varias piezas; con whitespace precedente requiere varias piezas (overhead Ġ/contexto)
U,element,3186,1,"[""U""]",con whitespace precedente requiere varias piezas (overhead Ġ/contexto)
69,integer,3005,2,"[""6"", ""9""]",aislado se divide en varias piezas; con whitespace precedente requiere varias piezas (overhead Ġ/contexto)
68,integer,2987,2,"[""6"", ""8""]",aislado se divide en varias piezas; con whitespace precedente requiere varias piezas (overhead Ġ/contexto)
70,integer,2909,2,"[""7"", ""0""]",aislado se divide en varias piezas; con whitespace precedente requiere varias piezas (overhead Ġ/contexto)
71,integer,2903,2,"[""7"", ""1""]",aislado se divide en varias piezas; con whitespace precedente requiere varias piezas (overhead Ġ/contexto)
Np,element,2887,2,"[""N"", ""p""]",aislado se divide en varias piezas; con whitespace precedente requiere varias piezas (overhead Ġ/contexto)
72,integer,2688,2,"[""7"", ""2""]",aislado se divide en varias piezas; con whitespace precedente requiere varias piezas (overhead Ġ/contexto)
73,integer,2662,2,"[""7"", ""3""]",aislado se divide en varias piezas; con whitespace precedente requiere varias piezas (overhead Ġ/contexto)
74,integer,2564,2,"[""7"", ""4""]",aislado se divide en varias piezas; con whitespace precedente requiere varias piezas (overhead Ġ/contexto)
75,integer,2553,2,"[""7"", ""5""]",aislado se divide en varias piezas; con whitespace precedente requiere varias piezas (overhead Ġ/contexto)
76,integer,2310,2,"[""7"", ""6""]",aislado se divide en varias piezas; con whitespace precedente requiere varias piezas (overhead Ġ/contexto)
77,integer,2257,2,"[""7"", ""7""]",aislado se divide en varias piezas; con whitespace precedente requiere varias piezas (overhead Ġ/contexto)
78,integer,2246,2,"[""7"", ""8""]",aislado se divide en varias piezas; con whitespace precedente requiere varias piezas (overhead Ġ/contexto)
79,integer,2245,2,"[""7"", ""9""]",aislado se divide en varias piezas; con whitespace precedente requiere varias piezas (overhead Ġ/contexto)
DOF,other,2198,3,"[""D"", ""O"", ""F""]",aislado se divide en varias piezas; con whitespace precedente requiere varias piezas (overhead Ġ/contexto)
+--,periodic_direction,2197,3,"[""+"", ""-"", ""-""]",aislado se divide en varias piezas; con whitespace precedente requiere varias piezas (overhead Ġ/contexto)
-++,periodic_direction,2082,3,"[""-"", ""+"", ""+""]",aislado se divide en varias piezas; con whitespace precedente requiere varias piezas (overhead Ġ/contexto)
h,other,1894,1,"[""h""]",con whitespace precedente requiere varias piezas (overhead Ġ/contexto)
+-+,periodic_direction,1685,3,"[""+"", ""-"", ""+""]",aislado se divide en varias piezas; con whitespace precedente requiere varias piezas (overhead Ġ/contexto)
-+-,periodic_direction,1497,3,"[""-"", ""+"", ""-""]",aislado se divide en varias piezas; con whitespace precedente requiere varias piezas (overhead Ġ/contexto)
i,other,1488,1,"[""i""]",con whitespace precedente requiere varias piezas (overhead Ġ/contexto)
Gd,element,1295,2,"[""G"", ""d""]",aislado se divide en varias piezas; con whitespace precedente requiere varias piezas (overhead Ġ/contexto)
u,other,1226,1,"[""u""]",con whitespace precedente requiere varias piezas (overhead Ġ/contexto)
Lu,element,1166,2,"[""L"", ""u""]",aislado se divide en varias piezas; con whitespace precedente requiere varias piezas (overhead Ġ/contexto)
Eu,element,1140,2,"[""E"", ""u""]",aislado se divide en varias piezas; con whitespace precedente requiere varias piezas (overhead Ġ/contexto)
f,other,847,1,"[""f""]",con whitespace precedente requiere varias piezas (overhead Ġ/contexto)
ODB,other,659,3,"[""O"", ""D"", ""B""]",aislado se divide en varias piezas; con whitespace precedente requiere varias piezas (overhead Ġ/contexto)
81,integer,638,2,"[""8"", ""1""]",aislado se divide en varias piezas; con whitespace precedente requiere varias piezas (overhead Ġ/contexto)
80,integer,638,2,"[""8"", ""0""]",aislado se divide en varias piezas; con whitespace precedente requiere varias piezas (overhead Ġ/contexto)
82,integer,616,2,"[""8"", ""2""]",aislado se divide en varias piezas; con whitespace precedente requiere varias piezas (overhead Ġ/contexto)
YBO,other,595,3,"[""Y"", ""B"", ""O""]",aislado se divide en varias piezas; con whitespace precedente requiere varias piezas (overhead Ġ/contexto)
83,integer,590,2,"[""8"", ""3""]",aislado se divide en varias piezas; con whitespace precedente requiere varias piezas (overhead Ġ/contexto)
Yb,element,574,2,"[""Y"", ""b""]",aislado se divide en varias piezas; con whitespace precedente requiere varias piezas (overhead Ġ/contexto)
BBB,other,548,3,"[""B"", ""B"", ""B""]",aislado se divide en varias piezas; con whitespace precedente requiere varias piezas (overhead Ġ/contexto)
87,integer,528,2,"[""8"", ""7""]",aislado se divide en varias piezas; con whitespace precedente requiere varias piezas (overhead Ġ/contexto)
84,integer,528,2,"[""8"", ""4""]",aislado se divide en varias piezas; con whitespace precedente requiere varias piezas (overhead Ġ/contexto)
86,integer,525,2,"[""8"", ""6""]",aislado se divide en varias piezas; con whitespace precedente requiere varias piezas (overhead Ġ/contexto)
85,integer,517,2,"[""8"", ""5""]",aislado se divide en varias piezas; con whitespace precedente requiere varias piezas (overhead Ġ/contexto)
90,integer,488,2,"[""9"", ""0""]",aislado se divide en varias piezas; con whitespace precedente requiere varias piezas (overhead Ġ/contexto)
88,integer,488,2,"[""8"", ""8""]",aislado se divide en varias piezas; con whitespace precedente requiere varias piezas (overhead Ġ/contexto)
91,integer,482,2,"[""9"", ""1""]",aislado se divide en varias piezas; con whitespace precedente requiere varias piezas (overhead Ġ/contexto)
89,integer,469,2,"[""8"", ""9""]",aislado se divide en varias piezas; con whitespace precedente requiere varias piezas (overhead Ġ/contexto)
BFF,other,439,3,"[""B"", ""F"", ""F""]",aislado se divide en varias piezas; con whitespace precedente requiere varias piezas (overhead Ġ/contexto)
ZZZ,other,438,3,"[""Z"", ""Z"", ""Z""]",aislado se divide en varias piezas; con whitespace precedente requiere varias piezas (overhead Ġ/contexto)
93,integer,416,2,"[""9"", ""3""]",aislado se divide en varias piezas; con whitespace precedente requiere varias piezas (overhead Ġ/contexto)
94,integer,415,2,"[""9"", ""4""]",aislado se divide en varias piezas; con whitespace precedente requiere varias piezas (overhead Ġ/contexto)
92,integer,409,2,"[""9"", ""2""]",aislado se divide en varias piezas; con whitespace precedente requiere varias piezas (overhead Ġ/contexto)
95,integer,404,2,"[""9"", ""5""]",aislado se divide en varias piezas; con whitespace precedente requiere varias piezas (overhead Ġ/contexto)
BBO,other,387,3,"[""B"", ""B"", ""O""]",aislado se divide en varias piezas; con whitespace precedente requiere varias piezas (overhead Ġ/contexto)
96,integer,371,2,"[""9"", ""6""]",aislado se divide en varias piezas; con whitespace precedente requiere varias piezas (overhead Ġ/contexto)
99,integer,370,2,"[""9"", ""9""]",aislado se divide en varias piezas; con whitespace precedente requiere varias piezas (overhead Ġ/contexto)
97,integer,370,2,"[""9"", ""7""]",aislado se divide en varias piezas; con whitespace precedente requiere varias piezas (overhead Ġ/contexto)
DOO,other,368,3,"[""D"", ""O"", ""O""]",aislado se divide en varias piezas; con whitespace precedente requiere varias piezas (overhead Ġ/contexto)
98,integer,352,2,"[""9"", ""8""]",aislado se divide en varias piezas; con whitespace precedente requiere varias piezas (overhead Ġ/contexto)
OBZ,other,295,3,"[""O"", ""B"", ""Z""]",aislado se divide en varias piezas; con whitespace precedente requiere varias piezas (overhead Ġ/contexto)
FBB,other,291,3,"[""F"", ""B"", ""B""]",aislado se divide en varias piezas; con whitespace precedente requiere varias piezas (overhead Ġ/contexto)
FBF,other,241,3,"[""F"", ""B"", ""F""]",aislado se divide en varias piezas; con whitespace precedente requiere varias piezas (overhead Ġ/contexto)
s,other,241,1,"[""s""]",con whitespace precedente requiere varias piezas (overhead Ġ/contexto)
100,integer,226,3,"[""1"", ""0"", ""0""]",aislado se divide en varias piezas; con whitespace precedente requiere varias piezas (overhead Ġ/contexto)
101,integer,224,3,"[""1"", ""0"", ""1""]",aislado se divide en varias piezas; con whitespace precedente requiere varias piezas (overhead Ġ/contexto)
102,integer,217,3,"[""1"", ""0"", ""2""]",aislado se divide en varias piezas; con whitespace precedente requiere varias piezas (overhead Ġ/contexto)
103,integer,215,3,"[""1"", ""0"", ""3""]",aislado se divide en varias piezas; con whitespace precedente requiere varias piezas (overhead Ġ/contexto)
104,integer,206,3,"[""1"", ""0"", ""4""]",aislado se divide en varias piezas; con whitespace precedente requiere varias piezas (overhead Ġ/contexto)
105,integer,203,3,"[""1"", ""0"", ""5""]",aislado se divide en varias piezas; con whitespace precedente requiere varias piezas (overhead Ġ/contexto)
106,integer,152,3,"[""1"", ""0"", ""6""]",aislado se divide en varias piezas; con whitespace precedente requiere varias piezas (overhead Ġ/contexto)
107,integer,147,3,"[""1"", ""0"", ""7""]",aislado se divide en varias piezas; con whitespace precedente requiere varias piezas (overhead Ġ/contexto)
108,integer,115,3,"[""1"", ""0"", ""8""]",aislado se divide en varias piezas; con whitespace precedente requiere varias piezas (overhead Ġ/contexto)
109,integer,114,3,"[""1"", ""0"", ""9""]",aislado se divide en varias piezas; con whitespace precedente requiere varias piezas (overhead Ġ/contexto)
110,integer,113,3,"[""1"", ""1"", ""0""]",aislado se divide en varias piezas; con whitespace precedente requiere varias piezas (overhead Ġ/contexto)
111,integer,112,3,"[""1"", ""1"", ""1""]",aislado se divide en varias piezas; con whitespace precedente requiere varias piezas (overhead Ġ/contexto)
115,integer,107,3,"[""1"", ""1"", ""5""]",aislado se divide en varias piezas; con whitespace precedente requiere varias piezas (overhead Ġ/contexto)
114,integer,107,3,"[""1"", ""1"", ""4""]",aislado se divide en varias piezas; con whitespace precedente requiere varias piezas (overhead Ġ/contexto)
112,integer,104,2,"[""1"", ""12""]",aislado se divide en varias piezas; con whitespace precedente requiere varias piezas (overhead Ġ/contexto)
113,integer,104,2,"[""1"", ""13""]",aislado se divide en varias piezas; con whitespace precedente requiere varias piezas (overhead Ġ/contexto)
116,integer,91,3,"[""1"", ""1"", ""6""]",aislado se divide en varias piezas; con whitespace precedente requiere varias piezas (overhead Ġ/contexto)
119,integer,89,3,"[""1"", ""1"", ""9""]",aislado se divide en varias piezas; con whitespace precedente requiere varias piezas (overhead Ġ/contexto)
117,integer,88,3,"[""1"", ""1"", ""7""]",aislado se divide en varias piezas; con whitespace precedente requiere varias piezas (overhead Ġ/contexto)
118,integer,88,3,"[""1"", ""1"", ""8""]",aislado se divide en varias piezas; con whitespace precedente requiere varias piezas (overhead Ġ/contexto)
YYY,other,82,3,"[""Y"", ""Y"", ""Y""]",aislado se divide en varias piezas; con whitespace precedente requiere varias piezas (overhead Ġ/contexto)
121,integer,75,2,"[""12"", ""1""]",aislado se divide en varias piezas; con whitespace precedente requiere varias piezas (overhead Ġ/contexto)
124,integer,75,2,"[""12"", ""4""]",aislado se divide en varias piezas; con whitespace precedente requiere varias piezas (overhead Ġ/contexto)
122,integer,75,2,"[""12"", ""2""]",aislado se divide en varias piezas; con whitespace precedente requiere varias piezas (overhead Ġ/contexto)
120,integer,75,2,"[""12"", ""0""]",aislado se divide en varias piezas; con whitespace precedente requiere varias piezas (overhead Ġ/contexto)
123,integer,75,1,"[""123""]",con whitespace precedente requiere varias piezas (overhead Ġ/contexto)
126,integer,74,2,"[""12"", ""6""]",aislado se divide en varias piezas; con whitespace precedente requiere varias piezas (overhead Ġ/contexto)
127,integer,74,2,"[""12"", ""7""]",aislado se divide en varias piezas; con whitespace precedente requiere varias piezas (overhead Ġ/contexto)
125,integer,74,2,"[""12"", ""5""]",aislado se divide en varias piezas; con whitespace precedente requiere varias piezas (overhead Ġ/contexto)
138,integer,52,2,"[""13"", ""8""]",aislado se divide en varias piezas; con whitespace precedente requiere varias piezas (overhead Ġ/contexto)
139,integer,52,2,"[""13"", ""9""]",aislado se divide en varias piezas; con whitespace precedente requiere varias piezas (overhead Ġ/contexto)
137,integer,51,2,"[""13"", ""7""]",aislado se divide en varias piezas; con whitespace precedente requiere varias piezas (overhead Ġ/contexto)
136,integer,51,2,"[""13"", ""6""]",aislado se divide en varias piezas; con whitespace precedente requiere varias piezas (overhead Ġ/contexto)
134,integer,49,2,"[""1"", ""34""]",aislado se divide en varias piezas; con whitespace precedente requiere varias piezas (overhead Ġ/contexto)
135,integer,48,2,"[""13"", ""5""]",aislado se divide en varias piezas; con whitespace precedente requiere varias piezas (overhead Ġ/contexto)
133,integer,47,2,"[""13"", ""3""]",aislado se divide en varias piezas; con whitespace precedente requiere varias piezas (overhead Ġ/contexto)
132,integer,47,2,"[""1"", ""32""]",aislado se divide en varias piezas; con whitespace precedente requiere varias piezas (overhead Ġ/contexto)
131,integer,45,2,"[""13"", ""1""]",aislado se divide en varias piezas; con whitespace precedente requiere varias piezas (overhead Ġ/contexto)
129,integer,45,2,"[""12"", ""9""]",aislado se divide en varias piezas; con whitespace precedente requiere varias piezas (overhead Ġ/contexto)
128,integer,45,2,"[""12"", ""8""]",aislado se divide en varias piezas; con whitespace precedente requiere varias piezas (overhead Ġ/contexto)
130,integer,45,2,"[""13"", ""0""]",aislado se divide en varias piezas; con whitespace precedente requiere varias piezas (overhead Ġ/contexto)
YYO,other,39,3,"[""Y"", ""Y"", ""O""]",aislado se divide en varias piezas; con whitespace precedente requiere varias piezas (overhead Ġ/contexto)
140,integer,38,3,"[""1"", ""4"", ""0""]",aislado se divide en varias piezas; con whitespace precedente requiere varias piezas (overhead Ġ/contexto)
YBY,other,38,3,"[""Y"", ""B"", ""Y""]",aislado se divide en varias piezas; con whitespace precedente requiere varias piezas (overhead Ġ/contexto)
141,integer,38,2,"[""1"", ""41""]",aislado se divide en varias piezas; con whitespace precedente requiere varias piezas (overhead Ġ/contexto)
142,integer,37,2,"[""1"", ""42""]",aislado se divide en varias piezas; con whitespace precedente requiere varias piezas (overhead Ġ/contexto)
143,integer,37,2,"[""1"", ""43""]",aislado se divide en varias piezas; con whitespace precedente requiere varias piezas (overhead Ġ/contexto)
OOE,other,30,3,"[""O"", ""O"", ""E""]",aislado se divide en varias piezas; con whitespace precedente requiere varias piezas (overhead Ġ/contexto)
146,integer,28,3,"[""1"", ""4"", ""6""]",aislado se divide en varias piezas; con whitespace precedente requiere varias piezas (overhead Ġ/contexto)
147,integer,28,3,"[""1"", ""4"", ""7""]",aislado se divide en varias piezas; con whitespace precedente requiere varias piezas (overhead Ġ/contexto)
149,integer,27,3,"[""1"", ""4"", ""9""]",aislado se divide en varias piezas; con whitespace precedente requiere varias piezas (overhead Ġ/contexto)
148,integer,27,3,"[""1"", ""4"", ""8""]",aislado se divide en varias piezas; con whitespace precedente requiere varias piezas (overhead Ġ/contexto)
144,integer,27,3,"[""1"", ""4"", ""4""]",aislado se divide en varias piezas; con whitespace precedente requiere varias piezas (overhead Ġ/contexto)
145,integer,27,2,"[""1"", ""45""]",aislado se divide en varias piezas; con whitespace precedente requiere varias piezas (overhead Ġ/contexto)
OOC,other,24,2,"[""O"", ""OC""]",aislado se divide en varias piezas; con whitespace precedente requiere varias piezas (overhead Ġ/contexto)
DDB,other,18,3,"[""D"", ""D"", ""B""]",aislado se divide en varias piezas; con whitespace precedente requiere varias piezas (overhead Ġ/contexto)
OYZ,other,15,3,"[""O"", ""Y"", ""Z""]",aislado se divide en varias piezas; con whitespace precedente requiere varias piezas (overhead Ġ/contexto)
DDF,other,14,3,"[""D"", ""D"", ""F""]",aislado se divide en varias piezas; con whitespace precedente requiere varias piezas (overhead Ġ/contexto)
OOB,other,13,3,"[""O"", ""O"", ""B""]",aislado se divide en varias piezas; con whitespace precedente requiere varias piezas (overhead Ġ/contexto)
Xe,element,10,2,"[""X"", ""e""]",aislado se divide en varias piezas; con whitespace precedente requiere varias piezas (overhead Ġ/contexto)
DOB,other,7,3,"[""D"", ""O"", ""B""]",aislado se divide en varias piezas; con whitespace precedente requiere varias piezas (overhead Ġ/contexto)
OBB,other,4,3,"[""O"", ""B"", ""B""]",aislado se divide en varias piezas; con whitespace precedente requiere varias piezas (overhead Ġ/contexto)
151,integer,3,3,"[""1"", ""5"", ""1""]",aislado se divide en varias piezas; con whitespace precedente requiere varias piezas (overhead Ġ/contexto)
150,integer,3,3,"[""1"", ""5"", ""0""]",aislado se divide en varias piezas; con whitespace precedente requiere varias piezas (overhead Ġ/contexto)
He,element,2,2,"[""H"", ""e""]",aislado se divide en varias piezas; con whitespace precedente requiere varias piezas (overhead Ġ/contexto)
OOF,other,1,3,"[""O"", ""O"", ""F""]",aislado se divide en varias piezas; con whitespace precedente requiere varias piezas (overhead Ġ/contexto)
