token,frequency,token_type,base_n_subtokens,base_token_ids,base_tokens,base_context_subtokens,base_context_token_ids,base_context_tokens,base_middle_example,base_final_example,first_position_frequency,later_position_frequency,adapted_n_subtokens,adapted_token_ids,adapted_tokens,adapted_context_subtokens,adapted_context_token_ids,adapted_context_tokens,base_tokenization,adapted_tokenization,subtokens_saved_per_occurrence,estimated_total_subtokens_saved
ooo,1558575,periodic_direction,3,"[83, 83, 83]","[""o"", ""o"", ""o""]",4,"[225, 83, 83, 83]","[""Ġ"", ""o"", ""o"", ""o""]","[""O"", ""Ġ"", ""o"", ""o"", ""o"", ""Ġ"", ""0""]","[""0"", ""Ġ"", ""1"", ""Ġ"", ""o"", ""o"", ""o""]",0,1558575,1,[767],"[""ooo""]",1,[767],"[""ooo""]",Ġ | o | o | o,ooo,3,4675725
+oo,382782,periodic_direction,3,"[15, 83, 83]","[""+"", ""o"", ""o""]",4,"[225, 15, 83, 83]","[""Ġ"", ""+"", ""o"", ""o""]","[""O"", ""Ġ"", ""+"", ""o"", ""o"", ""Ġ"", ""0""]","[""0"", ""Ġ"", ""1"", ""Ġ"", ""+"", ""o"", ""o""]",0,382782,1,[768],"[""+oo""]",1,[768],"[""+oo""]",Ġ | + | o | o,+oo,3,1148346
-oo,367083,periodic_direction,3,"[17, 83, 83]","[""-"", ""o"", ""o""]",4,"[225, 17, 83, 83]","[""Ġ"", ""-"", ""o"", ""o""]","[""O"", ""Ġ"", ""-"", ""o"", ""o"", ""Ġ"", ""0""]","[""0"", ""Ġ"", ""1"", ""Ġ"", ""-"", ""o"", ""o""]",0,367083,1,[769],"[""-oo""]",1,[769],"[""-oo""]",Ġ | - | o | o,-oo,3,1101249
0,1015470,integer,1,[20],"[""0""]",2,"[225, 20]","[""Ġ"", ""0""]","[""O"", ""Ġ"", ""0"", ""Ġ"", ""0""]","[""0"", ""Ġ"", ""1"", ""Ġ"", ""0""]",0,1015470,1,[20],"[""0""]",1,[20],"[""0""]",Ġ | 0,0,1,1015470
o-o,327509,periodic_direction,3,"[83, 17, 83]","[""o"", ""-"", ""o""]",4,"[225, 83, 17, 83]","[""Ġ"", ""o"", ""-"", ""o""]","[""O"", ""Ġ"", ""o"", ""-"", ""o"", ""Ġ"", ""0""]","[""0"", ""Ġ"", ""1"", ""Ġ"", ""o"", ""-"", ""o""]",0,327509,1,[770],"[""o-o""]",1,[770],"[""o-o""]",Ġ | o | - | o,o-o,3,982527
o+o,327014,periodic_direction,3,"[83, 15, 83]","[""o"", ""+"", ""o""]",4,"[225, 83, 15, 83]","[""Ġ"", ""o"", ""+"", ""o""]","[""O"", ""Ġ"", ""o"", ""+"", ""o"", ""Ġ"", ""0""]","[""0"", ""Ġ"", ""1"", ""Ġ"", ""o"", ""+"", ""o""]",0,327014,1,[771],"[""o+o""]",1,[771],"[""o+o""]",Ġ | o | + | o,o+o,3,981042
1,976388,integer,1,[21],"[""1""]",2,"[225, 21]","[""Ġ"", ""1""]","[""O"", ""Ġ"", ""1"", ""Ġ"", ""0""]","[""0"", ""Ġ"", ""1"", ""Ġ"", ""1""]",0,976388,1,[21],"[""1""]",1,[21],"[""1""]",Ġ | 1,1,1,976388
2,936967,integer,1,[22],"[""2""]",2,"[225, 22]","[""Ġ"", ""2""]","[""O"", ""Ġ"", ""2"", ""Ġ"", ""0""]","[""0"", ""Ġ"", ""1"", ""Ġ"", ""2""]",0,936967,1,[22],"[""2""]",1,[22],"[""2""]",Ġ | 2,2,1,936967
3,902502,integer,1,[23],"[""3""]",2,"[225, 23]","[""Ġ"", ""3""]","[""O"", ""Ġ"", ""3"", ""Ġ"", ""0""]","[""0"", ""Ġ"", ""1"", ""Ġ"", ""3""]",0,902502,1,[23],"[""3""]",1,[23],"[""3""]",Ġ | 3,3,1,902502
oo-,269457,periodic_direction,3,"[83, 83, 17]","[""o"", ""o"", ""-""]",4,"[225, 83, 83, 17]","[""Ġ"", ""o"", ""o"", ""-""]","[""O"", ""Ġ"", ""o"", ""o"", ""-"", ""Ġ"", ""0""]","[""0"", ""Ġ"", ""1"", ""Ġ"", ""o"", ""o"", ""-""]",0,269457,1,[772],"[""oo-""]",1,[772],"[""oo-""]",Ġ | o | o | -,oo-,3,808371
oo+,250503,periodic_direction,3,"[83, 83, 15]","[""o"", ""o"", ""+""]",4,"[225, 83, 83, 15]","[""Ġ"", ""o"", ""o"", ""+""]","[""O"", ""Ġ"", ""o"", ""o"", ""+"", ""Ġ"", ""0""]","[""0"", ""Ġ"", ""1"", ""Ġ"", ""o"", ""o"", ""+""]",0,250503,1,[774],"[""oo+""]",1,[774],"[""oo+""]",Ġ | o | o | +,oo+,3,751509
4,653939,integer,1,[24],"[""4""]",2,"[225, 24]","[""Ġ"", ""4""]","[""O"", ""Ġ"", ""4"", ""Ġ"", ""0""]","[""0"", ""Ġ"", ""1"", ""Ġ"", ""4""]",0,653939,1,[24],"[""4""]",1,[24],"[""4""]",Ġ | 4,4,1,653939
OOO,202513,other,3,"[51, 51, 51]","[""O"", ""O"", ""O""]",4,"[225, 51, 51, 51]","[""Ġ"", ""O"", ""O"", ""O""]","[""O"", ""Ġ"", ""O"", ""O"", ""O"", ""Ġ"", ""0""]","[""0"", ""Ġ"", ""1"", ""Ġ"", ""O"", ""O"", ""O""]",0,202513,1,[776],"[""OOO""]",1,[776],"[""OOO""]",Ġ | O | O | O,OOO,3,607539
5,539571,integer,1,[25],"[""5""]",2,"[225, 25]","[""Ġ"", ""5""]","[""O"", ""Ġ"", ""5"", ""Ġ"", ""0""]","[""0"", ""Ġ"", ""1"", ""Ġ"", ""5""]",0,539571,1,[25],"[""5""]",1,[25],"[""5""]",Ġ | 5,5,1,539571
10,256291,integer,2,"[21, 20]","[""1"", ""0""]",3,"[225, 21, 20]","[""Ġ"", ""1"", ""0""]","[""O"", ""Ġ"", ""1"", ""0"", ""Ġ"", ""0""]","[""0"", ""Ġ"", ""1"", ""Ġ"", ""1"", ""0""]",0,256291,1,[773],"[""10""]",1,[773],"[""10""]",Ġ | 1 | 0,10,2,512582
11,234409,integer,2,"[21, 21]","[""1"", ""1""]",3,"[225, 21, 21]","[""Ġ"", ""1"", ""1""]","[""O"", ""Ġ"", ""1"", ""1"", ""Ġ"", ""0""]","[""0"", ""Ġ"", ""1"", ""Ġ"", ""1"", ""1""]",0,234409,1,[775],"[""11""]",1,[775],"[""11""]",Ġ | 1 | 1,11,2,468818
6,460964,integer,1,[26],"[""6""]",2,"[225, 26]","[""Ġ"", ""6""]","[""O"", ""Ġ"", ""6"", ""Ġ"", ""0""]","[""0"", ""Ġ"", ""1"", ""Ġ"", ""6""]",0,460964,1,[26],"[""6""]",1,[26],"[""6""]",Ġ | 6,6,1,460964
7,430143,integer,1,[27],"[""7""]",2,"[225, 27]","[""Ġ"", ""7""]","[""O"", ""Ġ"", ""7"", ""Ġ"", ""0""]","[""0"", ""Ġ"", ""1"", ""Ġ"", ""7""]",0,430143,1,[27],"[""7""]",1,[27],"[""7""]",Ġ | 7,7,1,430143
8,352913,integer,1,[28],"[""8""]",2,"[225, 28]","[""Ġ"", ""8""]","[""O"", ""Ġ"", ""8"", ""Ġ"", ""0""]","[""0"", ""Ġ"", ""1"", ""Ġ"", ""8""]",0,352913,1,[28],"[""8""]",1,[28],"[""8""]",Ġ | 8,8,1,352913
--o,110977,periodic_direction,3,"[17, 17, 83]","[""-"", ""-"", ""o""]",4,"[225, 17, 17, 83]","[""Ġ"", ""-"", ""-"", ""o""]","[""O"", ""Ġ"", ""-"", ""-"", ""o"", ""Ġ"", ""0""]","[""0"", ""Ġ"", ""1"", ""Ġ"", ""-"", ""-"", ""o""]",0,110977,1,[779],"[""--o""]",1,[779],"[""--o""]",Ġ | - | - | o,--o,3,332931
9,318109,integer,1,[29],"[""9""]",2,"[225, 29]","[""Ġ"", ""9""]","[""O"", ""Ġ"", ""9"", ""Ġ"", ""0""]","[""0"", ""Ġ"", ""1"", ""Ġ"", ""9""]",0,318109,1,[29],"[""9""]",1,[29],"[""9""]",Ġ | 9,9,1,318109
++o,94880,periodic_direction,3,"[15, 15, 83]","[""+"", ""+"", ""o""]",4,"[225, 15, 15, 83]","[""Ġ"", ""+"", ""+"", ""o""]","[""O"", ""Ġ"", ""+"", ""+"", ""o"", ""Ġ"", ""0""]","[""0"", ""Ġ"", ""1"", ""Ġ"", ""+"", ""+"", ""o""]",0,94880,1,[780],"[""++o""]",1,[780],"[""++o""]",Ġ | + | + | o,++o,3,284640
14,126709,integer,2,"[21, 24]","[""1"", ""4""]",3,"[225, 21, 24]","[""Ġ"", ""1"", ""4""]","[""O"", ""Ġ"", ""1"", ""4"", ""Ġ"", ""0""]","[""0"", ""Ġ"", ""1"", ""Ġ"", ""1"", ""4""]",0,126709,1,[777],"[""14""]",1,[777],"[""14""]",Ġ | 1 | 4,14,2,253418
-o-,78662,periodic_direction,3,"[17, 83, 17]","[""-"", ""o"", ""-""]",4,"[225, 17, 83, 17]","[""Ġ"", ""-"", ""o"", ""-""]","[""O"", ""Ġ"", ""-"", ""o"", ""-"", ""Ġ"", ""0""]","[""0"", ""Ġ"", ""1"", ""Ġ"", ""-"", ""o"", ""-""]",0,78662,1,[783],"[""-o-""]",1,[783],"[""-o-""]",Ġ | - | o | -,-o-,3,235986
15,117151,integer,2,"[21, 25]","[""1"", ""5""]",3,"[225, 21, 25]","[""Ġ"", ""1"", ""5""]","[""O"", ""Ġ"", ""1"", ""5"", ""Ġ"", ""0""]","[""0"", ""Ġ"", ""1"", ""Ġ"", ""1"", ""5""]",0,117151,1,[778],"[""15""]",1,[778],"[""15""]",Ġ | 1 | 5,15,2,234302
o--,77147,periodic_direction,3,"[83, 17, 17]","[""o"", ""-"", ""-""]",4,"[225, 83, 17, 17]","[""Ġ"", ""o"", ""-"", ""-""]","[""O"", ""Ġ"", ""o"", ""-"", ""-"", ""Ġ"", ""0""]","[""0"", ""Ġ"", ""1"", ""Ġ"", ""o"", ""-"", ""-""]",0,77147,1,[784],"[""o--""]",1,[784],"[""o--""]",Ġ | o | - | -,o--,3,231441
o++,64225,periodic_direction,3,"[83, 15, 15]","[""o"", ""+"", ""+""]",4,"[225, 83, 15, 15]","[""Ġ"", ""o"", ""+"", ""+""]","[""O"", ""Ġ"", ""o"", ""+"", ""+"", ""Ġ"", ""0""]","[""0"", ""Ġ"", ""1"", ""Ġ"", ""o"", ""+"", ""+""]",0,64225,1,[786],"[""o++""]",1,[786],"[""o++""]",Ġ | o | + | +,o++,3,192675
+o+,63965,periodic_direction,3,"[15, 83, 15]","[""+"", ""o"", ""+""]",4,"[225, 15, 83, 15]","[""Ġ"", ""+"", ""o"", ""+""]","[""O"", ""Ġ"", ""+"", ""o"", ""+"", ""Ġ"", ""0""]","[""0"", ""Ġ"", ""1"", ""Ġ"", ""+"", ""o"", ""+""]",0,63965,1,[787],"[""+o+""]",1,[787],"[""+o+""]",Ġ | + | o | +,+o+,3,191895
16,87244,integer,2,"[21, 26]","[""1"", ""6""]",3,"[225, 21, 26]","[""Ġ"", ""1"", ""6""]","[""O"", ""Ġ"", ""1"", ""6"", ""Ġ"", ""0""]","[""0"", ""Ġ"", ""1"", ""Ġ"", ""1"", ""6""]",0,87244,1,[781],"[""16""]",1,[781],"[""16""]",Ġ | 1 | 6,16,2,174488
17,84106,integer,2,"[21, 27]","[""1"", ""7""]",3,"[225, 21, 27]","[""Ġ"", ""1"", ""7""]","[""O"", ""Ġ"", ""1"", ""7"", ""Ġ"", ""0""]","[""0"", ""Ġ"", ""1"", ""Ġ"", ""1"", ""7""]",0,84106,1,[782],"[""17""]",1,[782],"[""17""]",Ġ | 1 | 7,17,2,168212
12,152550,integer,1,[304],"[""12""]",2,"[225, 304]","[""Ġ"", ""12""]","[""O"", ""Ġ"", ""12"", ""Ġ"", ""0""]","[""0"", ""Ġ"", ""1"", ""Ġ"", ""12""]",0,152550,1,[304],"[""12""]",1,[304],"[""12""]",Ġ | 12,12,1,152550
13,144443,integer,1,[435],"[""13""]",2,"[225, 435]","[""Ġ"", ""13""]","[""O"", ""Ġ"", ""13"", ""Ġ"", ""0""]","[""0"", ""Ġ"", ""1"", ""Ġ"", ""13""]",0,144443,1,[435],"[""13""]",1,[435],"[""13""]",Ġ | 13,13,1,144443
+-o,46814,periodic_direction,3,"[15, 17, 83]","[""+"", ""-"", ""o""]",4,"[225, 15, 17, 83]","[""Ġ"", ""+"", ""-"", ""o""]","[""O"", ""Ġ"", ""+"", ""-"", ""o"", ""Ġ"", ""0""]","[""0"", ""Ġ"", ""1"", ""Ġ"", ""+"", ""-"", ""o""]",0,46814,1,[789],"[""+-o""]",1,[789],"[""+-o""]",Ġ | + | - | o,+-o,3,140442
18,64620,integer,2,"[21, 28]","[""1"", ""8""]",3,"[225, 21, 28]","[""Ġ"", ""1"", ""8""]","[""O"", ""Ġ"", ""1"", ""8"", ""Ġ"", ""0""]","[""0"", ""Ġ"", ""1"", ""Ġ"", ""1"", ""8""]",0,64620,1,[785],"[""18""]",1,[785],"[""18""]",Ġ | 1 | 8,18,2,129240
o,126797,other,1,[83],"[""o""]",2,"[225, 83]","[""Ġ"", ""o""]","[""O"", ""Ġ"", ""o"", ""Ġ"", ""0""]","[""0"", ""Ġ"", ""1"", ""Ġ"", ""o""]",28693,98104,1,[83],"[""o""]",1,[83],"[""o""]",Ġ | o,o,1,126797
19,57401,integer,2,"[21, 29]","[""1"", ""9""]",3,"[225, 21, 29]","[""Ġ"", ""1"", ""9""]","[""O"", ""Ġ"", ""1"", ""9"", ""Ġ"", ""0""]","[""0"", ""Ġ"", ""1"", ""Ġ"", ""1"", ""9""]",0,57401,1,[788],"[""19""]",1,[788],"[""19""]",Ġ | 1 | 9,19,2,114802
---,37019,periodic_direction,3,"[17, 17, 17]","[""-"", ""-"", ""-""]",4,"[225, 17, 17, 17]","[""Ġ"", ""-"", ""-"", ""-""]","[""O"", ""Ġ"", ""-"", ""-"", ""-"", ""Ġ"", ""0""]","[""0"", ""Ġ"", ""1"", ""Ġ"", ""-"", ""-"", ""-""]",0,37019,1,[790],"[""---""]",1,[790],"[""---""]",Ġ | - | - | -,---,3,111057
+o-,35244,periodic_direction,3,"[15, 83, 17]","[""+"", ""o"", ""-""]",4,"[225, 15, 83, 17]","[""Ġ"", ""+"", ""o"", ""-""]","[""O"", ""Ġ"", ""+"", ""o"", ""-"", ""Ġ"", ""0""]","[""0"", ""Ġ"", ""1"", ""Ġ"", ""+"", ""o"", ""-""]",0,35244,1,[792],"[""+o-""]",1,[792],"[""+o-""]",Ġ | + | o | -,+o-,3,105732
O,95506,element,1,[51],"[""O""]",2,"[225, 51]","[""Ġ"", ""O""]","[""O"", ""Ġ"", ""O"", ""Ġ"", ""0""]","[""0"", ""Ġ"", ""1"", ""Ġ"", ""O""]",0,95506,1,[51],"[""O""]",1,[51],"[""O""]",Ġ | O,O,1,95506
-o+,29619,periodic_direction,3,"[17, 83, 15]","[""-"", ""o"", ""+""]",4,"[225, 17, 83, 15]","[""Ġ"", ""-"", ""o"", ""+""]","[""O"", ""Ġ"", ""-"", ""o"", ""+"", ""Ġ"", ""0""]","[""0"", ""Ġ"", ""1"", ""Ġ"", ""-"", ""o"", ""+""]",0,29619,1,[794],"[""-o+""]",1,[794],"[""-o+""]",Ġ | - | o | +,-o+,3,88857
-+o,29425,periodic_direction,3,"[17, 15, 83]","[""-"", ""+"", ""o""]",4,"[225, 17, 15, 83]","[""Ġ"", ""-"", ""+"", ""o""]","[""O"", ""Ġ"", ""-"", ""+"", ""o"", ""Ġ"", ""0""]","[""0"", ""Ġ"", ""1"", ""Ġ"", ""-"", ""+"", ""o""]",0,29425,1,[795],"[""-+o""]",1,[795],"[""-+o""]",Ġ | - | + | o,-+o,3,88275
o+-,29357,periodic_direction,3,"[83, 15, 17]","[""o"", ""+"", ""-""]",4,"[225, 83, 15, 17]","[""Ġ"", ""o"", ""+"", ""-""]","[""O"", ""Ġ"", ""o"", ""+"", ""-"", ""Ġ"", ""0""]","[""0"", ""Ġ"", ""1"", ""Ġ"", ""o"", ""+"", ""-""]",0,29357,1,[796],"[""o+-""]",1,[796],"[""o+-""]",Ġ | o | + | -,o+-,3,88071
o-+,25550,periodic_direction,3,"[83, 17, 15]","[""o"", ""-"", ""+""]",4,"[225, 83, 17, 15]","[""Ġ"", ""o"", ""-"", ""+""]","[""O"", ""Ġ"", ""o"", ""-"", ""+"", ""Ġ"", ""0""]","[""0"", ""Ġ"", ""1"", ""Ġ"", ""o"", ""-"", ""+""]",0,25550,1,[797],"[""o-+""]",1,[797],"[""o-+""]",Ġ | o | - | +,o-+,3,76650
+++,25004,periodic_direction,3,"[15, 15, 15]","[""+"", ""+"", ""+""]",4,"[225, 15, 15, 15]","[""Ġ"", ""+"", ""+"", ""+""]","[""O"", ""Ġ"", ""+"", ""+"", ""+"", ""Ġ"", ""0""]","[""0"", ""Ġ"", ""1"", ""Ġ"", ""+"", ""+"", ""+""]",0,25004,1,[799],"[""+++""]",1,[799],"[""+++""]",Ġ | + | + | +,+++,3,75012
+,73199,other,1,[15],"[""+""]",2,"[225, 15]","[""Ġ"", ""+""]","[""O"", ""Ġ"", ""+"", ""Ġ"", ""0""]","[""0"", ""Ġ"", ""1"", ""Ġ"", ""+""]",71305,1894,1,[15],"[""+""]",1,[15],"[""+""]",Ġ | +,+,1,73199
DDO,24300,other,3,"[40, 40, 51]","[""D"", ""D"", ""O""]",4,"[225, 40, 40, 51]","[""Ġ"", ""D"", ""D"", ""O""]","[""O"", ""Ġ"", ""D"", ""D"", ""O"", ""Ġ"", ""0""]","[""0"", ""Ġ"", ""1"", ""Ġ"", ""D"", ""D"", ""O""]",0,24300,1,[800],"[""DDO""]",1,[800],"[""DDO""]",Ġ | D | D | O,DDO,3,72900
20,35399,integer,2,"[22, 20]","[""2"", ""0""]",3,"[225, 22, 20]","[""Ġ"", ""2"", ""0""]","[""O"", ""Ġ"", ""2"", ""0"", ""Ġ"", ""0""]","[""0"", ""Ġ"", ""1"", ""Ġ"", ""2"", ""0""]",0,35399,1,[791],"[""20""]",1,[791],"[""20""]",Ġ | 2 | 0,20,2,70798
c,66238,other,1,[71],"[""c""]",2,"[225, 71]","[""Ġ"", ""c""]","[""O"", ""Ġ"", ""c"", ""Ġ"", ""0""]","[""0"", ""Ġ"", ""1"", ""Ġ"", ""c""]",0,66238,1,[71],"[""c""]",1,[71],"[""c""]",Ġ | c,c,1,66238
22,31655,integer,2,"[22, 22]","[""2"", ""2""]",3,"[225, 22, 22]","[""Ġ"", ""2"", ""2""]","[""O"", ""Ġ"", ""2"", ""2"", ""Ġ"", ""0""]","[""0"", ""Ġ"", ""1"", ""Ġ"", ""2"", ""2""]",0,31655,1,[793],"[""22""]",1,[793],"[""22""]",Ġ | 2 | 2,22,2,63310
a,63105,other,1,[69],"[""a""]",2,"[225, 69]","[""Ġ"", ""a""]","[""O"", ""Ġ"", ""a"", ""Ġ"", ""0""]","[""0"", ""Ġ"", ""1"", ""Ġ"", ""a""]",0,63105,1,[69],"[""a""]",1,[69],"[""a""]",Ġ | a,a,1,63105
b,61016,other,1,[70],"[""b""]",2,"[225, 70]","[""Ġ"", ""b""]","[""O"", ""Ġ"", ""b"", ""Ġ"", ""0""]","[""0"", ""Ġ"", ""1"", ""Ġ"", ""b""]",0,61016,1,[70],"[""b""]",1,[70],"[""b""]",Ġ | b,b,1,61016
25,25085,integer,2,"[22, 25]","[""2"", ""5""]",3,"[225, 22, 25]","[""Ġ"", ""2"", ""5""]","[""O"", ""Ġ"", ""2"", ""5"", ""Ġ"", ""0""]","[""0"", ""Ġ"", ""1"", ""Ġ"", ""2"", ""5""]",0,25085,1,[798],"[""25""]",1,[798],"[""25""]",Ġ | 2 | 5,25,2,50170
26,23141,integer,2,"[22, 26]","[""2"", ""6""]",3,"[225, 22, 26]","[""Ġ"", ""2"", ""6""]","[""O"", ""Ġ"", ""2"", ""6"", ""Ġ"", ""0""]","[""0"", ""Ġ"", ""1"", ""Ġ"", ""2"", ""6""]",0,23141,1,[801],"[""26""]",1,[801],"[""26""]",Ġ | 2 | 6,26,2,46282
27,22999,integer,2,"[22, 27]","[""2"", ""7""]",3,"[225, 22, 27]","[""Ġ"", ""2"", ""7""]","[""O"", ""Ġ"", ""2"", ""7"", ""Ġ"", ""0""]","[""0"", ""Ġ"", ""1"", ""Ġ"", ""2"", ""7""]",0,22999,1,[802],"[""27""]",1,[802],"[""27""]",Ġ | 2 | 7,27,2,45998
DDD,15234,other,3,"[40, 40, 40]","[""D"", ""D"", ""D""]",4,"[225, 40, 40, 40]","[""Ġ"", ""D"", ""D"", ""D""]","[""O"", ""Ġ"", ""D"", ""D"", ""D"", ""Ġ"", ""0""]","[""0"", ""Ġ"", ""1"", ""Ġ"", ""D"", ""D"", ""D""]",0,15234,1,[811],"[""DDD""]",1,[811],"[""DDD""]",Ġ | D | D | D,DDD,3,45702
Se,22611,element,2,"[55, 73]","[""S"", ""e""]",3,"[225, 55, 73]","[""Ġ"", ""S"", ""e""]","[""O"", ""Ġ"", ""S"", ""e"", ""Ġ"", ""0""]","[""0"", ""Ġ"", ""1"", ""Ġ"", ""S"", ""e""]",0,22611,1,[803],"[""Se""]",1,[803],"[""Se""]",Ġ | S | e,Se,2,45222
H,43519,element,1,[44],"[""H""]",2,"[225, 44]","[""Ġ"", ""H""]","[""O"", ""Ġ"", ""H"", ""Ġ"", ""0""]","[""0"", ""Ġ"", ""1"", ""Ġ"", ""H""]",0,43519,1,[44],"[""H""]",1,[44],"[""H""]",Ġ | H,H,1,43519
w,42289,other,1,[91],"[""w""]",2,"[225, 91]","[""Ġ"", ""w""]","[""O"", ""Ġ"", ""w"", ""Ġ"", ""0""]","[""0"", ""Ġ"", ""1"", ""Ġ"", ""w""]",0,42289,1,[91],"[""w""]",1,[91],"[""w""]",Ġ | w,w,1,42289
28,19964,integer,2,"[22, 28]","[""2"", ""8""]",3,"[225, 22, 28]","[""Ġ"", ""2"", ""8""]","[""O"", ""Ġ"", ""2"", ""8"", ""Ġ"", ""0""]","[""0"", ""Ġ"", ""1"", ""Ġ"", ""2"", ""8""]",0,19964,1,[804],"[""28""]",1,[804],"[""28""]",Ġ | 2 | 8,28,2,39928
ODD,13173,other,3,"[51, 40, 40]","[""O"", ""D"", ""D""]",4,"[225, 51, 40, 40]","[""Ġ"", ""O"", ""D"", ""D""]","[""O"", ""Ġ"", ""O"", ""D"", ""D"", ""Ġ"", ""0""]","[""0"", ""Ġ"", ""1"", ""Ġ"", ""O"", ""D"", ""D""]",0,13173,1,[831],"[""ODD""]",1,[831],"[""ODD""]",Ġ | O | D | D,ODD,3,39519
29,17934,integer,2,"[22, 29]","[""2"", ""9""]",3,"[225, 22, 29]","[""Ġ"", ""2"", ""9""]","[""O"", ""Ġ"", ""2"", ""9"", ""Ġ"", ""0""]","[""0"", ""Ġ"", ""1"", ""Ġ"", ""2"", ""9""]",0,17934,1,[805],"[""29""]",1,[805],"[""29""]",Ġ | 2 | 9,29,2,35868
DOD,11926,other,3,"[40, 51, 40]","[""D"", ""O"", ""D""]",4,"[225, 40, 51, 40]","[""Ġ"", ""D"", ""O"", ""D""]","[""O"", ""Ġ"", ""D"", ""O"", ""D"", ""Ġ"", ""0""]","[""0"", ""Ġ"", ""1"", ""Ġ"", ""D"", ""O"", ""D""]",0,11926,1,[840],"[""DOD""]",1,[840],"[""DOD""]",Ġ | D | O | D,DOD,3,35778
Pd,17514,element,2,"[52, 72]","[""P"", ""d""]",3,"[225, 52, 72]","[""Ġ"", ""P"", ""d""]","[""O"", ""Ġ"", ""P"", ""d"", ""Ġ"", ""0""]","[""0"", ""Ġ"", ""1"", ""Ġ"", ""P"", ""d""]",0,17514,1,[806],"[""Pd""]",1,[806],"[""Pd""]",Ġ | P | d,Pd,2,35028
La,17484,element,2,"[48, 69]","[""L"", ""a""]",3,"[225, 48, 69]","[""Ġ"", ""L"", ""a""]","[""O"", ""Ġ"", ""L"", ""a"", ""Ġ"", ""0""]","[""0"", ""Ġ"", ""1"", ""Ġ"", ""L"", ""a""]",0,17484,1,[807],"[""La""]",1,[807],"[""La""]",Ġ | L | a,La,2,34968
21,34399,integer,1,[309],"[""21""]",2,"[225, 309]","[""Ġ"", ""21""]","[""O"", ""Ġ"", ""21"", ""Ġ"", ""0""]","[""0"", ""Ġ"", ""1"", ""Ġ"", ""21""]",0,34399,1,[309],"[""21""]",1,[309],"[""21""]",Ġ | 21,21,1,34399
30,15965,integer,2,"[23, 20]","[""3"", ""0""]",3,"[225, 23, 20]","[""Ġ"", ""3"", ""0""]","[""O"", ""Ġ"", ""3"", ""0"", ""Ġ"", ""0""]","[""0"", ""Ġ"", ""1"", ""Ġ"", ""3"", ""0""]",0,15965,1,[808],"[""30""]",1,[808],"[""30""]",Ġ | 3 | 0,30,2,31930
In,15935,element,2,"[45, 82]","[""I"", ""n""]",3,"[225, 45, 82]","[""Ġ"", ""I"", ""n""]","[""O"", ""Ġ"", ""I"", ""n"", ""Ġ"", ""0""]","[""0"", ""Ġ"", ""1"", ""Ġ"", ""I"", ""n""]",0,15935,1,[809],"[""In""]",1,[809],"[""In""]",Ġ | I | n,In,2,31870
23,31620,integer,1,[335],"[""23""]",2,"[225, 335]","[""Ġ"", ""23""]","[""O"", ""Ġ"", ""23"", ""Ġ"", ""0""]","[""0"", ""Ġ"", ""1"", ""Ġ"", ""23""]",0,31620,1,[335],"[""23""]",1,[335],"[""23""]",Ġ | 23,23,1,31620
Te,15632,element,2,"[56, 73]","[""T"", ""e""]",3,"[225, 56, 73]","[""Ġ"", ""T"", ""e""]","[""O"", ""Ġ"", ""T"", ""e"", ""Ġ"", ""0""]","[""0"", ""Ġ"", ""1"", ""Ġ"", ""T"", ""e""]",0,15632,1,[810],"[""Te""]",1,[810],"[""Te""]",Ġ | T | e,Te,2,31264
OOD,10284,other,3,"[51, 51, 40]","[""O"", ""O"", ""D""]",4,"[225, 51, 51, 40]","[""Ġ"", ""O"", ""O"", ""D""]","[""O"", ""Ġ"", ""O"", ""O"", ""D"", ""Ġ"", ""0""]","[""0"", ""Ġ"", ""1"", ""Ġ"", ""O"", ""O"", ""D""]",0,10284,1,[851],"[""OOD""]",1,[851],"[""OOD""]",Ġ | O | O | D,OOD,3,30852
Ni,14919,element,2,"[50, 77]","[""N"", ""i""]",3,"[225, 50, 77]","[""Ġ"", ""N"", ""i""]","[""O"", ""Ġ"", ""N"", ""i"", ""Ġ"", ""0""]","[""0"", ""Ġ"", ""1"", ""Ġ"", ""N"", ""i""]",0,14919,1,[812],"[""Ni""]",1,[812],"[""Ni""]",Ġ | N | i,Ni,2,29838
Zn,14801,element,2,"[62, 82]","[""Z"", ""n""]",3,"[225, 62, 82]","[""Ġ"", ""Z"", ""n""]","[""O"", ""Ġ"", ""Z"", ""n"", ""Ġ"", ""0""]","[""0"", ""Ġ"", ""1"", ""Ġ"", ""Z"", ""n""]",0,14801,1,[813],"[""Zn""]",1,[813],"[""Zn""]",Ġ | Z | n,Zn,2,29602
Tb,14520,element,2,"[56, 70]","[""T"", ""b""]",3,"[225, 56, 70]","[""Ġ"", ""T"", ""b""]","[""O"", ""Ġ"", ""T"", ""b"", ""Ġ"", ""0""]","[""0"", ""Ġ"", ""1"", ""Ġ"", ""T"", ""b""]",0,14520,1,[814],"[""Tb""]",1,[814],"[""Tb""]",Ġ | T | b,Tb,2,29040
Rh,14354,element,2,"[54, 76]","[""R"", ""h""]",3,"[225, 54, 76]","[""Ġ"", ""R"", ""h""]","[""O"", ""Ġ"", ""R"", ""h"", ""Ġ"", ""0""]","[""0"", ""Ġ"", ""1"", ""Ġ"", ""R"", ""h""]",0,14354,1,[815],"[""Rh""]",1,[815],"[""Rh""]",Ġ | R | h,Rh,2,28708
Ga,14307,element,2,"[43, 69]","[""G"", ""a""]",3,"[225, 43, 69]","[""Ġ"", ""G"", ""a""]","[""O"", ""Ġ"", ""G"", ""a"", ""Ġ"", ""0""]","[""0"", ""Ġ"", ""1"", ""Ġ"", ""G"", ""a""]",0,14307,1,[816],"[""Ga""]",1,[816],"[""Ga""]",Ġ | G | a,Ga,2,28614
Mg,14235,element,2,"[49, 75]","[""M"", ""g""]",3,"[225, 49, 75]","[""Ġ"", ""M"", ""g""]","[""O"", ""Ġ"", ""M"", ""g"", ""Ġ"", ""0""]","[""0"", ""Ġ"", ""1"", ""Ġ"", ""M"", ""g""]",0,14235,1,[817],"[""Mg""]",1,[817],"[""Mg""]",Ġ | M | g,Mg,2,28470
Nd,14196,element,2,"[50, 72]","[""N"", ""d""]",3,"[225, 50, 72]","[""Ġ"", ""N"", ""d""]","[""O"", ""Ġ"", ""N"", ""d"", ""Ġ"", ""0""]","[""0"", ""Ġ"", ""1"", ""Ġ"", ""N"", ""d""]",0,14196,1,[818],"[""Nd""]",1,[818],"[""Nd""]",Ġ | N | d,Nd,2,28392
Dy,14173,element,2,"[40, 93]","[""D"", ""y""]",3,"[225, 40, 93]","[""Ġ"", ""D"", ""y""]","[""O"", ""Ġ"", ""D"", ""y"", ""Ġ"", ""0""]","[""0"", ""Ġ"", ""1"", ""Ġ"", ""D"", ""y""]",0,14173,1,[819],"[""Dy""]",1,[819],"[""Dy""]",Ġ | D | y,Dy,2,28346
Pr,14134,element,2,"[52, 86]","[""P"", ""r""]",3,"[225, 52, 86]","[""Ġ"", ""P"", ""r""]","[""O"", ""Ġ"", ""P"", ""r"", ""Ġ"", ""0""]","[""0"", ""Ġ"", ""1"", ""Ġ"", ""P"", ""r""]",0,14134,1,[820],"[""Pr""]",1,[820],"[""Pr""]",Ġ | P | r,Pr,2,28268
Al,14118,element,2,"[37, 80]","[""A"", ""l""]",3,"[225, 37, 80]","[""Ġ"", ""A"", ""l""]","[""O"", ""Ġ"", ""A"", ""l"", ""Ġ"", ""0""]","[""0"", ""Ġ"", ""1"", ""Ġ"", ""A"", ""l""]",0,14118,1,[821],"[""Al""]",1,[821],"[""Al""]",Ġ | A | l,Al,2,28236
Tl,14102,element,2,"[56, 80]","[""T"", ""l""]",3,"[225, 56, 80]","[""Ġ"", ""T"", ""l""]","[""O"", ""Ġ"", ""T"", ""l"", ""Ġ"", ""0""]","[""0"", ""Ġ"", ""1"", ""Ġ"", ""T"", ""l""]",0,14102,1,[822],"[""Tl""]",1,[822],"[""Tl""]",Ġ | T | l,Tl,2,28204
Sm,13961,element,2,"[55, 81]","[""S"", ""m""]",3,"[225, 55, 81]","[""Ġ"", ""S"", ""m""]","[""O"", ""Ġ"", ""S"", ""m"", ""Ġ"", ""0""]","[""0"", ""Ġ"", ""1"", ""Ġ"", ""S"", ""m""]",0,13961,1,[823],"[""Sm""]",1,[823],"[""Sm""]",Ġ | S | m,Sm,2,27922
Pt,13723,element,2,"[52, 88]","[""P"", ""t""]",3,"[225, 52, 88]","[""Ġ"", ""P"", ""t""]","[""O"", ""Ġ"", ""P"", ""t"", ""Ġ"", ""0""]","[""0"", ""Ġ"", ""1"", ""Ġ"", ""P"", ""t""]",0,13723,1,[824],"[""Pt""]",1,[824],"[""Pt""]",Ġ | P | t,Pt,2,27446
Hg,13466,element,2,"[44, 75]","[""H"", ""g""]",3,"[225, 44, 75]","[""Ġ"", ""H"", ""g""]","[""O"", ""Ġ"", ""H"", ""g"", ""Ġ"", ""0""]","[""0"", ""Ġ"", ""1"", ""Ġ"", ""H"", ""g""]",0,13466,1,[825],"[""Hg""]",1,[825],"[""Hg""]",Ġ | H | g,Hg,2,26932
Er,13337,element,2,"[41, 86]","[""E"", ""r""]",3,"[225, 41, 86]","[""Ġ"", ""E"", ""r""]","[""O"", ""Ġ"", ""E"", ""r"", ""Ġ"", ""0""]","[""0"", ""Ġ"", ""1"", ""Ġ"", ""E"", ""r""]",0,13337,1,[826],"[""Er""]",1,[826],"[""Er""]",Ġ | E | r,Er,2,26674
Tm,13337,element,2,"[56, 81]","[""T"", ""m""]",3,"[225, 56, 81]","[""Ġ"", ""T"", ""m""]","[""O"", ""Ġ"", ""T"", ""m"", ""Ġ"", ""0""]","[""0"", ""Ġ"", ""1"", ""Ġ"", ""T"", ""m""]",0,13337,1,[827],"[""Tm""]",1,[827],"[""Tm""]",Ġ | T | m,Tm,2,26674
Ho,13274,element,2,"[44, 83]","[""H"", ""o""]",3,"[225, 44, 83]","[""Ġ"", ""H"", ""o""]","[""O"", ""Ġ"", ""H"", ""o"", ""Ġ"", ""0""]","[""0"", ""Ġ"", ""1"", ""Ġ"", ""H"", ""o""]",0,13274,1,[828],"[""Ho""]",1,[828],"[""Ho""]",Ġ | H | o,Ho,2,26548
Au,13241,element,2,"[37, 89]","[""A"", ""u""]",3,"[225, 37, 89]","[""Ġ"", ""A"", ""u""]","[""O"", ""Ġ"", ""A"", ""u"", ""Ġ"", ""0""]","[""0"", ""Ġ"", ""1"", ""Ġ"", ""A"", ""u""]",0,13241,1,[829],"[""Au""]",1,[829],"[""Au""]",Ġ | A | u,Au,2,26482
Li,13214,element,2,"[48, 77]","[""L"", ""i""]",3,"[225, 48, 77]","[""Ġ"", ""L"", ""i""]","[""O"", ""Ġ"", ""L"", ""i"", ""Ġ"", ""0""]","[""0"", ""Ġ"", ""1"", ""Ġ"", ""L"", ""i""]",0,13214,1,[830],"[""Li""]",1,[830],"[""Li""]",Ġ | L | i,Li,2,26428
Pm,13131,element,2,"[52, 81]","[""P"", ""m""]",3,"[225, 52, 81]","[""Ġ"", ""P"", ""m""]","[""O"", ""Ġ"", ""P"", ""m"", ""Ġ"", ""0""]","[""0"", ""Ġ"", ""1"", ""Ġ"", ""P"", ""m""]",0,13131,1,[832],"[""Pm""]",1,[832],"[""Pm""]",Ġ | P | m,Pm,2,26262
33,13057,integer,2,"[23, 23]","[""3"", ""3""]",3,"[225, 23, 23]","[""Ġ"", ""3"", ""3""]","[""O"", ""Ġ"", ""3"", ""3"", ""Ġ"", ""0""]","[""0"", ""Ġ"", ""1"", ""Ġ"", ""3"", ""3""]",0,13057,1,[833],"[""33""]",1,[833],"[""33""]",Ġ | 3 | 3,33,2,26114
Cd,13053,element,2,"[39, 72]","[""C"", ""d""]",3,"[225, 39, 72]","[""Ġ"", ""C"", ""d""]","[""O"", ""Ġ"", ""C"", ""d"", ""Ġ"", ""0""]","[""0"", ""Ġ"", ""1"", ""Ġ"", ""C"", ""d""]",0,13053,1,[834],"[""Cd""]",1,[834],"[""Cd""]",Ġ | C | d,Cd,2,26106
Cu,12937,element,2,"[39, 89]","[""C"", ""u""]",3,"[225, 39, 89]","[""Ġ"", ""C"", ""u""]","[""O"", ""Ġ"", ""C"", ""u"", ""Ġ"", ""0""]","[""0"", ""Ġ"", ""1"", ""Ġ"", ""C"", ""u""]",0,12937,1,[835],"[""Cu""]",1,[835],"[""Cu""]",Ġ | C | u,Cu,2,25874
24,25663,integer,1,[521],"[""24""]",2,"[225, 521]","[""Ġ"", ""24""]","[""O"", ""Ġ"", ""24"", ""Ġ"", ""0""]","[""0"", ""Ġ"", ""1"", ""Ġ"", ""24""]",0,25663,1,[521],"[""24""]",1,[521],"[""24""]",Ġ | 24,24,1,25663
Si,12622,element,2,"[55, 77]","[""S"", ""i""]",3,"[225, 55, 77]","[""Ġ"", ""S"", ""i""]","[""O"", ""Ġ"", ""S"", ""i"", ""Ġ"", ""0""]","[""0"", ""Ġ"", ""1"", ""Ġ"", ""S"", ""i""]",0,12622,1,[836],"[""Si""]",1,[836],"[""Si""]",Ġ | S | i,Si,2,25244
Ge,12365,element,2,"[43, 73]","[""G"", ""e""]",3,"[225, 43, 73]","[""Ġ"", ""G"", ""e""]","[""O"", ""Ġ"", ""G"", ""e"", ""Ġ"", ""0""]","[""0"", ""Ġ"", ""1"", ""Ġ"", ""G"", ""e""]",0,12365,1,[837],"[""Ge""]",1,[837],"[""Ge""]",Ġ | G | e,Ge,2,24730
As,12346,element,2,"[37, 87]","[""A"", ""s""]",3,"[225, 37, 87]","[""Ġ"", ""A"", ""s""]","[""O"", ""Ġ"", ""A"", ""s"", ""Ġ"", ""0""]","[""0"", ""Ġ"", ""1"", ""Ġ"", ""A"", ""s""]",0,12346,1,[838],"[""As""]",1,[838],"[""As""]",Ġ | A | s,As,2,24692
Ag,12302,element,2,"[37, 75]","[""A"", ""g""]",3,"[225, 37, 75]","[""Ġ"", ""A"", ""g""]","[""O"", ""Ġ"", ""A"", ""g"", ""Ġ"", ""0""]","[""0"", ""Ġ"", ""1"", ""Ġ"", ""A"", ""g""]",0,12302,1,[839],"[""Ag""]",1,[839],"[""Ag""]",Ġ | A | g,Ag,2,24604
Co,11751,element,2,"[39, 83]","[""C"", ""o""]",3,"[225, 39, 83]","[""Ġ"", ""C"", ""o""]","[""O"", ""Ġ"", ""C"", ""o"", ""Ġ"", ""0""]","[""0"", ""Ġ"", ""1"", ""Ġ"", ""C"", ""o""]",0,11751,1,[841],"[""Co""]",1,[841],"[""Co""]",Ġ | C | o,Co,2,23502
g,22973,other,1,[75],"[""g""]",2,"[225, 75]","[""Ġ"", ""g""]","[""O"", ""Ġ"", ""g"", ""Ġ"", ""0""]","[""0"", ""Ġ"", ""1"", ""Ġ"", ""g""]",0,22973,1,[75],"[""g""]",1,[75],"[""g""]",Ġ | g,g,1,22973
x,22862,other,1,[92],"[""x""]",2,"[225, 92]","[""Ġ"", ""x""]","[""O"", ""Ġ"", ""x"", ""Ġ"", ""0""]","[""0"", ""Ġ"", ""1"", ""Ġ"", ""x""]",0,22862,1,[92],"[""x""]",1,[92],"[""x""]",Ġ | x,x,1,22862
S,22752,element,1,[55],"[""S""]",2,"[225, 55]","[""Ġ"", ""S""]","[""O"", ""Ġ"", ""S"", ""Ġ"", ""0""]","[""0"", ""Ġ"", ""1"", ""Ġ"", ""S""]",0,22752,1,[55],"[""S""]",1,[55],"[""S""]",Ġ | S,S,1,22752
36,11060,integer,2,"[23, 26]","[""3"", ""6""]",3,"[225, 23, 26]","[""Ġ"", ""3"", ""6""]","[""O"", ""Ġ"", ""3"", ""6"", ""Ġ"", ""0""]","[""0"", ""Ġ"", ""1"", ""Ġ"", ""3"", ""6""]",0,11060,1,[842],"[""36""]",1,[842],"[""36""]",Ġ | 3 | 6,36,2,22120
Sn,11003,element,2,"[55, 82]","[""S"", ""n""]",3,"[225, 55, 82]","[""Ġ"", ""S"", ""n""]","[""O"", ""Ġ"", ""S"", ""n"", ""Ġ"", ""0""]","[""0"", ""Ġ"", ""1"", ""Ġ"", ""S"", ""n""]",0,11003,1,[843],"[""Sn""]",1,[843],"[""Sn""]",Ġ | S | n,Sn,2,22006
37,10963,integer,2,"[23, 27]","[""3"", ""7""]",3,"[225, 23, 27]","[""Ġ"", ""3"", ""7""]","[""O"", ""Ġ"", ""3"", ""7"", ""Ġ"", ""0""]","[""0"", ""Ġ"", ""1"", ""Ġ"", ""3"", ""7""]",0,10963,1,[844],"[""37""]",1,[844],"[""37""]",Ġ | 3 | 7,37,2,21926
e,21797,other,1,[73],"[""e""]",2,"[225, 73]","[""Ġ"", ""e""]","[""O"", ""Ġ"", ""e"", ""Ġ"", ""0""]","[""0"", ""Ġ"", ""1"", ""Ġ"", ""e""]",0,21797,1,[73],"[""e""]",1,[73],"[""e""]",Ġ | e,e,1,21797
Ca,10676,element,2,"[39, 69]","[""C"", ""a""]",3,"[225, 39, 69]","[""Ġ"", ""C"", ""a""]","[""O"", ""Ġ"", ""C"", ""a"", ""Ġ"", ""0""]","[""0"", ""Ġ"", ""1"", ""Ġ"", ""C"", ""a""]",0,10676,1,[845],"[""Ca""]",1,[845],"[""Ca""]",Ġ | C | a,Ca,2,21352
Na,10577,element,2,"[50, 69]","[""N"", ""a""]",3,"[225, 50, 69]","[""Ġ"", ""N"", ""a""]","[""O"", ""Ġ"", ""N"", ""a"", ""Ġ"", ""0""]","[""0"", ""Ġ"", ""1"", ""Ġ"", ""N"", ""a""]",0,10577,1,[846],"[""Na""]",1,[846],"[""Na""]",Ġ | N | a,Na,2,21154
Ba,10540,element,2,"[38, 69]","[""B"", ""a""]",3,"[225, 38, 69]","[""Ġ"", ""B"", ""a""]","[""O"", ""Ġ"", ""B"", ""a"", ""Ġ"", ""0""]","[""0"", ""Ġ"", ""1"", ""Ġ"", ""B"", ""a""]",0,10540,1,[847],"[""Ba""]",1,[847],"[""Ba""]",Ġ | B | a,Ba,2,21080
Sr,10511,element,2,"[55, 86]","[""S"", ""r""]",3,"[225, 55, 86]","[""Ġ"", ""S"", ""r""]","[""O"", ""Ġ"", ""S"", ""r"", ""Ġ"", ""0""]","[""0"", ""Ġ"", ""1"", ""Ġ"", ""S"", ""r""]",0,10511,1,[848],"[""Sr""]",1,[848],"[""Sr""]",Ġ | S | r,Sr,2,21022
Sb,10423,element,2,"[55, 70]","[""S"", ""b""]",3,"[225, 55, 70]","[""Ġ"", ""S"", ""b""]","[""O"", ""Ġ"", ""S"", ""b"", ""Ġ"", ""0""]","[""0"", ""Ġ"", ""1"", ""Ġ"", ""S"", ""b""]",0,10423,1,[849],"[""Sb""]",1,[849],"[""Sb""]",Ġ | S | b,Sb,2,20846
ECC,10342,other,2,"[41, 262]","[""E"", ""CC""]",3,"[225, 41, 262]","[""Ġ"", ""E"", ""CC""]","[""O"", ""Ġ"", ""E"", ""CC"", ""Ġ"", ""0""]","[""0"", ""Ġ"", ""1"", ""Ġ"", ""E"", ""CC""]",0,10342,1,[850],"[""ECC""]",1,[850],"[""ECC""]",Ġ | E | CC,ECC,2,20684
Fe,10200,element,2,"[42, 73]","[""F"", ""e""]",3,"[225, 42, 73]","[""Ġ"", ""F"", ""e""]","[""O"", ""Ġ"", ""F"", ""e"", ""Ġ"", ""0""]","[""0"", ""Ġ"", ""1"", ""Ġ"", ""F"", ""e""]",0,10200,1,[852],"[""Fe""]",1,[852],"[""Fe""]",Ġ | F | e,Fe,2,20400
38,10020,integer,2,"[23, 28]","[""3"", ""8""]",3,"[225, 23, 28]","[""Ġ"", ""3"", ""8""]","[""O"", ""Ġ"", ""3"", ""8"", ""Ġ"", ""0""]","[""0"", ""Ġ"", ""1"", ""Ġ"", ""3"", ""8""]",0,10020,1,[853],"[""38""]",1,[853],"[""38""]",Ġ | 3 | 8,38,2,20040
39,9946,integer,2,"[23, 29]","[""3"", ""9""]",3,"[225, 23, 29]","[""Ġ"", ""3"", ""9""]","[""O"", ""Ġ"", ""3"", ""9"", ""Ġ"", ""0""]","[""0"", ""Ġ"", ""1"", ""Ġ"", ""3"", ""9""]",0,9946,1,[854],"[""39""]",1,[854],"[""39""]",Ġ | 3 | 9,39,2,19892
Pb,9632,element,2,"[52, 70]","[""P"", ""b""]",3,"[225, 52, 70]","[""Ġ"", ""P"", ""b""]","[""O"", ""Ġ"", ""P"", ""b"", ""Ġ"", ""0""]","[""0"", ""Ġ"", ""1"", ""Ġ"", ""P"", ""b""]",0,9632,1,[855],"[""Pb""]",1,[855],"[""Pb""]",Ġ | P | b,Pb,2,19264
Rb,9556,element,2,"[54, 70]","[""R"", ""b""]",3,"[225, 54, 70]","[""Ġ"", ""R"", ""b""]","[""O"", ""Ġ"", ""R"", ""b"", ""Ġ"", ""0""]","[""0"", ""Ġ"", ""1"", ""Ġ"", ""R"", ""b""]",0,9556,1,[856],"[""Rb""]",1,[856],"[""Rb""]",Ġ | R | b,Rb,2,19112
Ir,9491,element,2,"[45, 86]","[""I"", ""r""]",3,"[225, 45, 86]","[""Ġ"", ""I"", ""r""]","[""O"", ""Ġ"", ""I"", ""r"", ""Ġ"", ""0""]","[""0"", ""Ġ"", ""1"", ""Ġ"", ""I"", ""r""]",0,9491,1,[857],"[""Ir""]",1,[857],"[""Ir""]",Ġ | I | r,Ir,2,18982
Mn,9458,element,2,"[49, 82]","[""M"", ""n""]",3,"[225, 49, 82]","[""Ġ"", ""M"", ""n""]","[""O"", ""Ġ"", ""M"", ""n"", ""Ġ"", ""0""]","[""0"", ""Ġ"", ""1"", ""Ġ"", ""M"", ""n""]",0,9458,1,[858],"[""Mn""]",1,[858],"[""Mn""]",Ġ | M | n,Mn,2,18916
F,18866,element,1,[42],"[""F""]",2,"[225, 42]","[""Ġ"", ""F""]","[""O"", ""Ġ"", ""F"", ""Ġ"", ""0""]","[""0"", ""Ġ"", ""1"", ""Ġ"", ""F""]",0,18866,1,[42],"[""F""]",1,[42],"[""F""]",Ġ | F,F,1,18866
n,18424,other,1,[82],"[""n""]",2,"[225, 82]","[""Ġ"", ""n""]","[""O"", ""Ġ"", ""n"", ""Ġ"", ""0""]","[""0"", ""Ġ"", ""1"", ""Ġ"", ""n""]",0,18424,1,[82],"[""n""]",1,[82],"[""n""]",Ġ | n,n,1,18424
Cl,18200,element,1,[278],"[""Cl""]",2,"[225, 278]","[""Ġ"", ""Cl""]","[""O"", ""Ġ"", ""Cl"", ""Ġ"", ""0""]","[""0"", ""Ġ"", ""1"", ""Ġ"", ""Cl""]",0,18200,1,[278],"[""Cl""]",1,[278],"[""Cl""]",Ġ | Cl,Cl,1,18200
Ru,9098,element,2,"[54, 89]","[""R"", ""u""]",3,"[225, 54, 89]","[""Ġ"", ""R"", ""u""]","[""O"", ""Ġ"", ""R"", ""u"", ""Ġ"", ""0""]","[""0"", ""Ġ"", ""1"", ""Ġ"", ""R"", ""u""]",0,9098,1,[859],"[""Ru""]",1,[859],"[""Ru""]",Ġ | R | u,Ru,2,18196
Ac,9069,element,2,"[37, 71]","[""A"", ""c""]",3,"[225, 37, 71]","[""Ġ"", ""A"", ""c""]","[""O"", ""Ġ"", ""A"", ""c"", ""Ġ"", ""0""]","[""0"", ""Ġ"", ""1"", ""Ġ"", ""A"", ""c""]",0,9069,1,[860],"[""Ac""]",1,[860],"[""Ac""]",Ġ | A | c,Ac,2,18138
--+,5961,periodic_direction,3,"[17, 17, 15]","[""-"", ""-"", ""+""]",4,"[225, 17, 17, 15]","[""Ġ"", ""-"", ""-"", ""+""]","[""O"", ""Ġ"", ""-"", ""-"", ""+"", ""Ġ"", ""0""]","[""0"", ""Ġ"", ""1"", ""Ġ"", ""-"", ""-"", ""+""]",0,5961,1,[873],"[""--+""]",1,[873],"[""--+""]",Ġ | - | - | +,--+,3,17883
Ce,8763,element,2,"[39, 73]","[""C"", ""e""]",3,"[225, 39, 73]","[""Ġ"", ""C"", ""e""]","[""O"", ""Ġ"", ""C"", ""e"", ""Ġ"", ""0""]","[""0"", ""Ġ"", ""1"", ""Ġ"", ""C"", ""e""]",0,8763,1,[861],"[""Ce""]",1,[861],"[""Ce""]",Ġ | C | e,Ce,2,17526
Bi,8616,element,2,"[38, 77]","[""B"", ""i""]",3,"[225, 38, 77]","[""Ġ"", ""B"", ""i""]","[""O"", ""Ġ"", ""B"", ""i"", ""Ġ"", ""0""]","[""0"", ""Ġ"", ""1"", ""Ġ"", ""B"", ""i""]",0,8616,1,[862],"[""Bi""]",1,[862],"[""Bi""]",Ġ | B | i,Bi,2,17232
Br,16632,element,1,[299],"[""Br""]",2,"[225, 299]","[""Ġ"", ""Br""]","[""O"", ""Ġ"", ""Br"", ""Ġ"", ""0""]","[""0"", ""Ġ"", ""1"", ""Ġ"", ""Br""]",0,16632,1,[299],"[""Br""]",1,[299],"[""Br""]",Ġ | Br,Br,1,16632
Cs,8270,element,2,"[39, 87]","[""C"", ""s""]",3,"[225, 39, 87]","[""Ġ"", ""C"", ""s""]","[""O"", ""Ġ"", ""C"", ""s"", ""Ġ"", ""0""]","[""0"", ""Ġ"", ""1"", ""Ġ"", ""C"", ""s""]",0,8270,1,[863],"[""Cs""]",1,[863],"[""Cs""]",Ġ | C | s,Cs,2,16540
Y,16453,element,1,[61],"[""Y""]",2,"[225, 61]","[""Ġ"", ""Y""]","[""O"", ""Ġ"", ""Y"", ""Ġ"", ""0""]","[""0"", ""Ġ"", ""1"", ""Ġ"", ""Y""]",0,16453,1,[61],"[""Y""]",1,[61],"[""Y""]",Ġ | Y,Y,1,16453
Zr,8055,element,2,"[62, 86]","[""Z"", ""r""]",3,"[225, 62, 86]","[""Ġ"", ""Z"", ""r""]","[""O"", ""Ġ"", ""Z"", ""r"", ""Ġ"", ""0""]","[""0"", ""Ġ"", ""1"", ""Ġ"", ""Z"", ""r""]",0,8055,1,[864],"[""Zr""]",1,[864],"[""Zr""]",Ġ | Z | r,Zr,2,16110
40,8049,integer,2,"[24, 20]","[""4"", ""0""]",3,"[225, 24, 20]","[""Ġ"", ""4"", ""0""]","[""O"", ""Ġ"", ""4"", ""0"", ""Ġ"", ""0""]","[""0"", ""Ġ"", ""1"", ""Ġ"", ""4"", ""0""]",0,8049,1,[865],"[""40""]",1,[865],"[""40""]",Ġ | 4 | 0,40,2,16098
31,15864,integer,1,[469],"[""31""]",2,"[225, 469]","[""Ġ"", ""31""]","[""O"", ""Ġ"", ""31"", ""Ġ"", ""0""]","[""0"", ""Ġ"", ""1"", ""Ġ"", ""31""]",0,15864,1,[469],"[""31""]",1,[469],"[""31""]",Ġ | 31,31,1,15864
d,15478,other,1,[72],"[""d""]",2,"[225, 72]","[""Ġ"", ""d""]","[""O"", ""Ġ"", ""d"", ""Ġ"", ""0""]","[""0"", ""Ġ"", ""1"", ""Ġ"", ""d""]",0,15478,1,[72],"[""d""]",1,[72],"[""d""]",Ġ | d,d,1,15478
N,15412,element,1,[50],"[""N""]",2,"[225, 50]","[""Ġ"", ""N""]","[""O"", ""Ġ"", ""N"", ""Ġ"", ""0""]","[""0"", ""Ġ"", ""1"", ""Ġ"", ""N""]",0,15412,1,[50],"[""N""]",1,[50],"[""N""]",Ġ | N,N,1,15412
Ti,7475,element,2,"[56, 77]","[""T"", ""i""]",3,"[225, 56, 77]","[""Ġ"", ""T"", ""i""]","[""O"", ""Ġ"", ""T"", ""i"", ""Ġ"", ""0""]","[""0"", ""Ġ"", ""1"", ""Ġ"", ""T"", ""i""]",0,7475,1,[866],"[""Ti""]",1,[866],"[""Ti""]",Ġ | T | i,Ti,2,14950
v,14704,other,1,[90],"[""v""]",2,"[225, 90]","[""Ġ"", ""v""]","[""O"", ""Ġ"", ""v"", ""Ġ"", ""0""]","[""0"", ""Ġ"", ""1"", ""Ġ"", ""v""]",0,14704,1,[90],"[""v""]",1,[90],"[""v""]",Ġ | v,v,1,14704
44,7134,integer,2,"[24, 24]","[""4"", ""4""]",3,"[225, 24, 24]","[""Ġ"", ""4"", ""4""]","[""O"", ""Ġ"", ""4"", ""4"", ""Ġ"", ""0""]","[""0"", ""Ġ"", ""1"", ""Ġ"", ""4"", ""4""]",0,7134,1,[867],"[""44""]",1,[867],"[""44""]",Ġ | 4 | 4,44,2,14268
P,13873,element,1,[52],"[""P""]",2,"[225, 52]","[""Ġ"", ""P""]","[""O"", ""Ġ"", ""P"", ""Ġ"", ""0""]","[""0"", ""Ġ"", ""1"", ""Ġ"", ""P""]",0,13873,1,[52],"[""P""]",1,[52],"[""P""]",Ġ | P,P,1,13873
Th,6740,element,2,"[56, 76]","[""T"", ""h""]",3,"[225, 56, 76]","[""Ġ"", ""T"", ""h""]","[""O"", ""Ġ"", ""T"", ""h"", ""Ġ"", ""0""]","[""0"", ""Ġ"", ""1"", ""Ġ"", ""T"", ""h""]",0,6740,1,[868],"[""Th""]",1,[868],"[""Th""]",Ġ | T | h,Th,2,13480
46,6677,integer,2,"[24, 26]","[""4"", ""6""]",3,"[225, 24, 26]","[""Ġ"", ""4"", ""6""]","[""O"", ""Ġ"", ""4"", ""6"", ""Ġ"", ""0""]","[""0"", ""Ġ"", ""1"", ""Ġ"", ""4"", ""6""]",0,6677,1,[869],"[""46""]",1,[869],"[""46""]",Ġ | 4 | 6,46,2,13354
47,6610,integer,2,"[24, 27]","[""4"", ""7""]",3,"[225, 24, 27]","[""Ġ"", ""4"", ""7""]","[""O"", ""Ġ"", ""4"", ""7"", ""Ġ"", ""0""]","[""0"", ""Ġ"", ""1"", ""Ġ"", ""4"", ""7""]",0,6610,1,[870],"[""47""]",1,[870],"[""47""]",Ġ | 4 | 7,47,2,13220
32,13172,integer,1,[333],"[""32""]",2,"[225, 333]","[""Ġ"", ""32""]","[""O"", ""Ġ"", ""32"", ""Ġ"", ""0""]","[""0"", ""Ġ"", ""1"", ""Ġ"", ""32""]",0,13172,1,[333],"[""32""]",1,[333],"[""32""]",Ġ | 32,32,1,13172
34,12912,integer,1,[383],"[""34""]",2,"[225, 383]","[""Ġ"", ""34""]","[""O"", ""Ġ"", ""34"", ""Ġ"", ""0""]","[""0"", ""Ġ"", ""1"", ""Ġ"", ""34""]",0,12912,1,[383],"[""34""]",1,[383],"[""34""]",Ġ | 34,34,1,12912
35,12828,integer,1,[644],"[""35""]",2,"[225, 644]","[""Ġ"", ""35""]","[""O"", ""Ġ"", ""35"", ""Ġ"", ""0""]","[""0"", ""Ġ"", ""1"", ""Ġ"", ""35""]",0,12828,1,[644],"[""35""]",1,[644],"[""35""]",Ġ | 35,35,1,12828
Hf,6329,element,2,"[44, 74]","[""H"", ""f""]",3,"[225, 44, 74]","[""Ġ"", ""H"", ""f""]","[""O"", ""Ġ"", ""H"", ""f"", ""Ġ"", ""0""]","[""0"", ""Ġ"", ""1"", ""Ġ"", ""H"", ""f""]",0,6329,1,[871],"[""Hf""]",1,[871],"[""Hf""]",Ġ | H | f,Hf,2,12658
Cr,6236,element,2,"[39, 86]","[""C"", ""r""]",3,"[225, 39, 86]","[""Ġ"", ""C"", ""r""]","[""O"", ""Ġ"", ""C"", ""r"", ""Ġ"", ""0""]","[""0"", ""Ġ"", ""1"", ""Ġ"", ""C"", ""r""]",0,6236,1,[872],"[""Cr""]",1,[872],"[""Cr""]",Ġ | C | r,Cr,2,12472
++-,4088,periodic_direction,3,"[15, 15, 17]","[""+"", ""+"", ""-""]",4,"[225, 15, 15, 17]","[""Ġ"", ""+"", ""+"", ""-""]","[""O"", ""Ġ"", ""+"", ""+"", ""-"", ""Ġ"", ""0""]","[""0"", ""Ġ"", ""1"", ""Ġ"", ""+"", ""+"", ""-""]",0,4088,1,[893],"[""++-""]",1,[893],"[""++-""]",Ġ | + | + | -,++-,3,12264
ODO,4035,other,3,"[51, 40, 51]","[""O"", ""D"", ""O""]",4,"[225, 51, 40, 51]","[""Ġ"", ""O"", ""D"", ""O""]","[""O"", ""Ġ"", ""O"", ""D"", ""O"", ""Ġ"", ""0""]","[""0"", ""Ġ"", ""1"", ""Ġ"", ""O"", ""D"", ""O""]",0,4035,1,[894],"[""ODO""]",1,[894],"[""ODO""]",Ġ | O | D | O,ODO,3,12105
I,11936,element,1,[45],"[""I""]",2,"[225, 45]","[""Ġ"", ""I""]","[""O"", ""Ġ"", ""I"", ""Ġ"", ""0""]","[""0"", ""Ġ"", ""1"", ""Ġ"", ""I""]",0,11936,1,[45],"[""I""]",1,[45],"[""I""]",Ġ | I,I,1,11936
Sc,11876,element,1,[345],"[""Sc""]",2,"[225, 345]","[""Ġ"", ""Sc""]","[""O"", ""Ġ"", ""Sc"", ""Ġ"", ""0""]","[""0"", ""Ġ"", ""1"", ""Ġ"", ""Sc""]",0,11876,1,[345],"[""Sc""]",1,[345],"[""Sc""]",Ġ | Sc,Sc,1,11876
Ta,5859,element,2,"[56, 69]","[""T"", ""a""]",3,"[225, 56, 69]","[""Ġ"", ""T"", ""a""]","[""O"", ""Ġ"", ""T"", ""a"", ""Ġ"", ""0""]","[""0"", ""Ġ"", ""1"", ""Ġ"", ""T"", ""a""]",0,5859,1,[874],"[""Ta""]",1,[874],"[""Ta""]",Ġ | T | a,Ta,2,11718
Os,5798,element,2,"[51, 87]","[""O"", ""s""]",3,"[225, 51, 87]","[""Ġ"", ""O"", ""s""]","[""O"", ""Ġ"", ""O"", ""s"", ""Ġ"", ""0""]","[""0"", ""Ġ"", ""1"", ""Ġ"", ""O"", ""s""]",0,5798,1,[875],"[""Os""]",1,[875],"[""Os""]",Ġ | O | s,Os,2,11596
48,5755,integer,2,"[24, 28]","[""4"", ""8""]",3,"[225, 24, 28]","[""Ġ"", ""4"", ""8""]","[""O"", ""Ġ"", ""4"", ""8"", ""Ġ"", ""0""]","[""0"", ""Ġ"", ""1"", ""Ġ"", ""4"", ""8""]",0,5755,1,[876],"[""48""]",1,[876],"[""48""]",Ġ | 4 | 8,48,2,11510
Nb,5753,element,2,"[50, 70]","[""N"", ""b""]",3,"[225, 50, 70]","[""Ġ"", ""N"", ""b""]","[""O"", ""Ġ"", ""N"", ""b"", ""Ġ"", ""0""]","[""0"", ""Ġ"", ""1"", ""Ġ"", ""N"", ""b""]",0,5753,1,[877],"[""Nb""]",1,[877],"[""Nb""]",Ġ | N | b,Nb,2,11506
49,5698,integer,2,"[24, 29]","[""4"", ""9""]",3,"[225, 24, 29]","[""Ġ"", ""4"", ""9""]","[""O"", ""Ġ"", ""4"", ""9"", ""Ġ"", ""0""]","[""0"", ""Ġ"", ""1"", ""Ġ"", ""4"", ""9""]",0,5698,1,[878],"[""49""]",1,[878],"[""49""]",Ġ | 4 | 9,49,2,11396
K,11384,element,1,[47],"[""K""]",2,"[225, 47]","[""Ġ"", ""K""]","[""O"", ""Ġ"", ""K"", ""Ġ"", ""0""]","[""0"", ""Ġ"", ""1"", ""Ġ"", ""K""]",0,11384,1,[47],"[""K""]",1,[47],"[""K""]",Ġ | K,K,1,11384
Be,5623,element,2,"[38, 73]","[""B"", ""e""]",3,"[225, 38, 73]","[""Ġ"", ""B"", ""e""]","[""O"", ""Ġ"", ""B"", ""e"", ""Ġ"", ""0""]","[""0"", ""Ġ"", ""1"", ""Ġ"", ""B"", ""e""]",0,5623,1,[879],"[""Be""]",1,[879],"[""Be""]",Ġ | B | e,Be,2,11246
Mo,5592,element,2,"[49, 83]","[""M"", ""o""]",3,"[225, 49, 83]","[""Ġ"", ""M"", ""o""]","[""O"", ""Ġ"", ""M"", ""o"", ""Ġ"", ""0""]","[""0"", ""Ġ"", ""1"", ""Ġ"", ""M"", ""o""]",0,5592,1,[880],"[""Mo""]",1,[880],"[""Mo""]",Ġ | M | o,Mo,2,11184
Tc,5431,element,2,"[56, 71]","[""T"", ""c""]",3,"[225, 56, 71]","[""Ġ"", ""T"", ""c""]","[""O"", ""Ġ"", ""T"", ""c"", ""Ġ"", ""0""]","[""0"", ""Ġ"", ""1"", ""Ġ"", ""T"", ""c""]",0,5431,1,[881],"[""Tc""]",1,[881],"[""Tc""]",Ġ | T | c,Tc,2,10862
51,5366,integer,2,"[25, 21]","[""5"", ""1""]",3,"[225, 25, 21]","[""Ġ"", ""5"", ""1""]","[""O"", ""Ġ"", ""5"", ""1"", ""Ġ"", ""0""]","[""0"", ""Ġ"", ""1"", ""Ġ"", ""5"", ""1""]",0,5366,1,[882],"[""51""]",1,[882],"[""51""]",Ġ | 5 | 1,51,2,10732
50,5357,integer,2,"[25, 20]","[""5"", ""0""]",3,"[225, 25, 20]","[""Ġ"", ""5"", ""0""]","[""O"", ""Ġ"", ""5"", ""0"", ""Ġ"", ""0""]","[""0"", ""Ġ"", ""1"", ""Ġ"", ""5"", ""0""]",0,5357,1,[883],"[""50""]",1,[883],"[""50""]",Ġ | 5 | 0,50,2,10714
j,10412,other,1,[78],"[""j""]",2,"[225, 78]","[""Ġ"", ""j""]","[""O"", ""Ġ"", ""j"", ""Ġ"", ""0""]","[""0"", ""Ġ"", ""1"", ""Ġ"", ""j""]",0,10412,1,[78],"[""j""]",1,[78],"[""j""]",Ġ | j,j,1,10412
53,5017,integer,2,"[25, 23]","[""5"", ""3""]",3,"[225, 25, 23]","[""Ġ"", ""5"", ""3""]","[""O"", ""Ġ"", ""5"", ""3"", ""Ġ"", ""0""]","[""0"", ""Ġ"", ""1"", ""Ġ"", ""5"", ""3""]",0,5017,1,[884],"[""53""]",1,[884],"[""53""]",Ġ | 5 | 3,53,2,10034
52,5012,integer,2,"[25, 22]","[""5"", ""2""]",3,"[225, 25, 22]","[""Ġ"", ""5"", ""2""]","[""O"", ""Ġ"", ""5"", ""2"", ""Ġ"", ""0""]","[""0"", ""Ġ"", ""1"", ""Ġ"", ""5"", ""2""]",0,5012,1,[885],"[""52""]",1,[885],"[""52""]",Ġ | 5 | 2,52,2,10024
Pu,4934,element,2,"[52, 89]","[""P"", ""u""]",3,"[225, 52, 89]","[""Ġ"", ""P"", ""u""]","[""O"", ""Ġ"", ""P"", ""u"", ""Ġ"", ""0""]","[""0"", ""Ġ"", ""1"", ""Ġ"", ""P"", ""u""]",0,4934,1,[886],"[""Pu""]",1,[886],"[""Pu""]",Ġ | P | u,Pu,2,9868
55,4790,integer,2,"[25, 25]","[""5"", ""5""]",3,"[225, 25, 25]","[""Ġ"", ""5"", ""5""]","[""O"", ""Ġ"", ""5"", ""5"", ""Ġ"", ""0""]","[""0"", ""Ġ"", ""1"", ""Ġ"", ""5"", ""5""]",0,4790,1,[887],"[""55""]",1,[887],"[""55""]",Ġ | 5 | 5,55,2,9580
Re,4301,element,2,"[54, 73]","[""R"", ""e""]",3,"[225, 54, 73]","[""Ġ"", ""R"", ""e""]","[""O"", ""Ġ"", ""R"", ""e"", ""Ġ"", ""0""]","[""0"", ""Ġ"", ""1"", ""Ġ"", ""R"", ""e""]",0,4301,1,[888],"[""Re""]",1,[888],"[""Re""]",Ġ | R | e,Re,2,8602
t,8586,other,1,[88],"[""t""]",2,"[225, 88]","[""Ġ"", ""t""]","[""O"", ""Ġ"", ""t"", ""Ġ"", ""0""]","[""0"", ""Ġ"", ""1"", ""Ġ"", ""t""]",0,8586,1,[88],"[""t""]",1,[88],"[""t""]",Ġ | t,t,1,8586
56,4245,integer,2,"[25, 26]","[""5"", ""6""]",3,"[225, 25, 26]","[""Ġ"", ""5"", ""6""]","[""O"", ""Ġ"", ""5"", ""6"", ""Ġ"", ""0""]","[""0"", ""Ġ"", ""1"", ""Ġ"", ""5"", ""6""]",0,4245,1,[889],"[""56""]",1,[889],"[""56""]",Ġ | 5 | 6,56,2,8490
B,8474,element,1,[38],"[""B""]",2,"[225, 38]","[""Ġ"", ""B""]","[""O"", ""Ġ"", ""B"", ""Ġ"", ""0""]","[""0"", ""Ġ"", ""1"", ""Ġ"", ""B""]",0,8474,1,[38],"[""B""]",1,[38],"[""B""]",Ġ | B,B,1,8474
57,4217,integer,2,"[25, 27]","[""5"", ""7""]",3,"[225, 25, 27]","[""Ġ"", ""5"", ""7""]","[""O"", ""Ġ"", ""5"", ""7"", ""Ġ"", ""0""]","[""0"", ""Ġ"", ""1"", ""Ġ"", ""5"", ""7""]",0,4217,1,[890],"[""57""]",1,[890],"[""57""]",Ġ | 5 | 7,57,2,8434
59,4116,integer,2,"[25, 29]","[""5"", ""9""]",3,"[225, 25, 29]","[""Ġ"", ""5"", ""9""]","[""O"", ""Ġ"", ""5"", ""9"", ""Ġ"", ""0""]","[""0"", ""Ġ"", ""1"", ""Ġ"", ""5"", ""9""]",0,4116,1,[891],"[""59""]",1,[891],"[""59""]",Ġ | 5 | 9,59,2,8232
58,4112,integer,2,"[25, 28]","[""5"", ""8""]",3,"[225, 25, 28]","[""Ġ"", ""5"", ""8""]","[""O"", ""Ġ"", ""5"", ""8"", ""Ġ"", ""0""]","[""0"", ""Ġ"", ""1"", ""Ġ"", ""5"", ""8""]",0,4112,1,[892],"[""58""]",1,[892],"[""58""]",Ġ | 5 | 8,58,2,8224
41,7987,integer,1,[679],"[""41""]",2,"[225, 679]","[""Ġ"", ""41""]","[""O"", ""Ġ"", ""41"", ""Ġ"", ""0""]","[""0"", ""Ġ"", ""1"", ""Ġ"", ""41""]",0,7987,1,[679],"[""41""]",1,[679],"[""41""]",Ġ | 41,41,1,7987
42,7775,integer,1,[543],"[""42""]",2,"[225, 543]","[""Ġ"", ""42""]","[""O"", ""Ġ"", ""42"", ""Ġ"", ""0""]","[""0"", ""Ġ"", ""1"", ""Ġ"", ""42""]",0,7775,1,[543],"[""42""]",1,[543],"[""42""]",Ġ | 42,42,1,7775
61,3859,integer,2,"[26, 21]","[""6"", ""1""]",3,"[225, 26, 21]","[""Ġ"", ""6"", ""1""]","[""O"", ""Ġ"", ""6"", ""1"", ""Ġ"", ""0""]","[""0"", ""Ġ"", ""1"", ""Ġ"", ""6"", ""1""]",0,3859,1,[895],"[""61""]",1,[895],"[""61""]",Ġ | 6 | 1,61,2,7718
60,3833,integer,2,"[26, 20]","[""6"", ""0""]",3,"[225, 26, 20]","[""Ġ"", ""6"", ""0""]","[""O"", ""Ġ"", ""6"", ""0"", ""Ġ"", ""0""]","[""0"", ""Ġ"", ""1"", ""Ġ"", ""6"", ""0""]",0,3833,1,[896],"[""60""]",1,[896],"[""60""]",Ġ | 6 | 0,60,2,7666
43,7633,integer,1,[396],"[""43""]",2,"[225, 396]","[""Ġ"", ""43""]","[""O"", ""Ġ"", ""43"", ""Ġ"", ""0""]","[""0"", ""Ġ"", ""1"", ""Ġ"", ""43""]",0,7633,1,[396],"[""43""]",1,[396],"[""43""]",Ġ | 43,43,1,7633
62,3815,integer,2,"[26, 22]","[""6"", ""2""]",3,"[225, 26, 22]","[""Ġ"", ""6"", ""2""]","[""O"", ""Ġ"", ""6"", ""2"", ""Ġ"", ""0""]","[""0"", ""Ġ"", ""1"", ""Ġ"", ""6"", ""2""]",0,3815,1,[897],"[""62""]",1,[897],"[""62""]",Ġ | 6 | 2,62,2,7630
63,3797,integer,2,"[26, 23]","[""6"", ""3""]",3,"[225, 26, 23]","[""Ġ"", ""6"", ""3""]","[""O"", ""Ġ"", ""6"", ""3"", ""Ġ"", ""0""]","[""0"", ""Ġ"", ""1"", ""Ġ"", ""6"", ""3""]",0,3797,1,[898],"[""63""]",1,[898],"[""63""]",Ġ | 6 | 3,63,2,7594
45,7000,integer,1,[510],"[""45""]",2,"[225, 510]","[""Ġ"", ""45""]","[""O"", ""Ġ"", ""45"", ""Ġ"", ""0""]","[""0"", ""Ġ"", ""1"", ""Ġ"", ""45""]",0,7000,1,[510],"[""45""]",1,[510],"[""45""]",Ġ | 45,45,1,7000
Pa,3454,element,2,"[52, 69]","[""P"", ""a""]",3,"[225, 52, 69]","[""Ġ"", ""P"", ""a""]","[""O"", ""Ġ"", ""P"", ""a"", ""Ġ"", ""0""]","[""0"", ""Ġ"", ""1"", ""Ġ"", ""P"", ""a""]",0,3454,1,[899],"[""Pa""]",1,[899],"[""Pa""]",Ġ | P | a,Pa,2,6908
C,6838,element,1,[39],"[""C""]",2,"[225, 39]","[""Ġ"", ""C""]","[""O"", ""Ġ"", ""C"", ""Ġ"", ""0""]","[""0"", ""Ġ"", ""1"", ""Ġ"", ""C""]",0,6838,1,[39],"[""C""]",1,[39],"[""C""]",Ġ | C,C,1,6838
65,3338,integer,2,"[26, 25]","[""6"", ""5""]",3,"[225, 26, 25]","[""Ġ"", ""6"", ""5""]","[""O"", ""Ġ"", ""6"", ""5"", ""Ġ"", ""0""]","[""0"", ""Ġ"", ""1"", ""Ġ"", ""6"", ""5""]",0,3338,1,[900],"[""65""]",1,[900],"[""65""]",Ġ | 6 | 5,65,2,6676
64,3334,integer,2,"[26, 24]","[""6"", ""4""]",3,"[225, 26, 24]","[""Ġ"", ""6"", ""4""]","[""O"", ""Ġ"", ""6"", ""4"", ""Ġ"", ""0""]","[""0"", ""Ġ"", ""1"", ""Ġ"", ""6"", ""4""]",0,3334,1,[901],"[""64""]",1,[901],"[""64""]",Ġ | 6 | 4,64,2,6668
DOF,2198,other,3,"[40, 51, 42]","[""D"", ""O"", ""F""]",4,"[225, 40, 51, 42]","[""Ġ"", ""D"", ""O"", ""F""]","[""O"", ""Ġ"", ""D"", ""O"", ""F"", ""Ġ"", ""0""]","[""0"", ""Ġ"", ""1"", ""Ġ"", ""D"", ""O"", ""F""]",0,2198,1,[917],"[""DOF""]",1,[917],"[""DOF""]",Ġ | D | O | F,DOF,3,6594
+--,2197,periodic_direction,3,"[15, 17, 17]","[""+"", ""-"", ""-""]",4,"[225, 15, 17, 17]","[""Ġ"", ""+"", ""-"", ""-""]","[""O"", ""Ġ"", ""+"", ""-"", ""-"", ""Ġ"", ""0""]","[""0"", ""Ġ"", ""1"", ""Ġ"", ""+"", ""-"", ""-""]",0,2197,1,[918],"[""+--""]",1,[918],"[""+--""]",Ġ | + | - | -,+--,3,6591
67,3267,integer,2,"[26, 27]","[""6"", ""7""]",3,"[225, 26, 27]","[""Ġ"", ""6"", ""7""]","[""O"", ""Ġ"", ""6"", ""7"", ""Ġ"", ""0""]","[""0"", ""Ġ"", ""1"", ""Ġ"", ""6"", ""7""]",0,3267,1,[902],"[""67""]",1,[902],"[""67""]",Ġ | 6 | 7,67,2,6534
66,3255,integer,2,"[26, 26]","[""6"", ""6""]",3,"[225, 26, 26]","[""Ġ"", ""6"", ""6""]","[""O"", ""Ġ"", ""6"", ""6"", ""Ġ"", ""0""]","[""0"", ""Ġ"", ""1"", ""Ġ"", ""6"", ""6""]",0,3255,1,[903],"[""66""]",1,[903],"[""66""]",Ġ | 6 | 6,66,2,6510
-++,2082,periodic_direction,3,"[17, 15, 15]","[""-"", ""+"", ""+""]",4,"[225, 17, 15, 15]","[""Ġ"", ""-"", ""+"", ""+""]","[""O"", ""Ġ"", ""-"", ""+"", ""+"", ""Ġ"", ""0""]","[""0"", ""Ġ"", ""1"", ""Ġ"", ""-"", ""+"", ""+""]",0,2082,1,[919],"[""-++""]",1,[919],"[""-++""]",Ġ | - | + | +,-++,3,6246
69,3005,integer,2,"[26, 29]","[""6"", ""9""]",3,"[225, 26, 29]","[""Ġ"", ""6"", ""9""]","[""O"", ""Ġ"", ""6"", ""9"", ""Ġ"", ""0""]","[""0"", ""Ġ"", ""1"", ""Ġ"", ""6"", ""9""]",0,3005,1,[904],"[""69""]",1,[904],"[""69""]",Ġ | 6 | 9,69,2,6010
68,2987,integer,2,"[26, 28]","[""6"", ""8""]",3,"[225, 26, 28]","[""Ġ"", ""6"", ""8""]","[""O"", ""Ġ"", ""6"", ""8"", ""Ġ"", ""0""]","[""0"", ""Ġ"", ""1"", ""Ġ"", ""6"", ""8""]",0,2987,1,[905],"[""68""]",1,[905],"[""68""]",Ġ | 6 | 8,68,2,5974
y,5917,other,1,[93],"[""y""]",2,"[225, 93]","[""Ġ"", ""y""]","[""O"", ""Ġ"", ""y"", ""Ġ"", ""0""]","[""0"", ""Ġ"", ""1"", ""Ġ"", ""y""]",0,5917,1,[93],"[""y""]",1,[93],"[""y""]",Ġ | y,y,1,5917
70,2909,integer,2,"[27, 20]","[""7"", ""0""]",3,"[225, 27, 20]","[""Ġ"", ""7"", ""0""]","[""O"", ""Ġ"", ""7"", ""0"", ""Ġ"", ""0""]","[""0"", ""Ġ"", ""1"", ""Ġ"", ""7"", ""0""]",0,2909,1,[906],"[""70""]",1,[906],"[""70""]",Ġ | 7 | 0,70,2,5818
71,2903,integer,2,"[27, 21]","[""7"", ""1""]",3,"[225, 27, 21]","[""Ġ"", ""7"", ""1""]","[""O"", ""Ġ"", ""7"", ""1"", ""Ġ"", ""0""]","[""0"", ""Ġ"", ""1"", ""Ġ"", ""7"", ""1""]",0,2903,1,[907],"[""71""]",1,[907],"[""71""]",Ġ | 7 | 1,71,2,5806
V,5801,element,1,[58],"[""V""]",2,"[225, 58]","[""Ġ"", ""V""]","[""O"", ""Ġ"", ""V"", ""Ġ"", ""0""]","[""0"", ""Ġ"", ""1"", ""Ġ"", ""V""]",0,5801,1,[58],"[""V""]",1,[58],"[""V""]",Ġ | V,V,1,5801
Np,2887,element,2,"[50, 84]","[""N"", ""p""]",3,"[225, 50, 84]","[""Ġ"", ""N"", ""p""]","[""O"", ""Ġ"", ""N"", ""p"", ""Ġ"", ""0""]","[""0"", ""Ġ"", ""1"", ""Ġ"", ""N"", ""p""]",0,2887,1,[908],"[""Np""]",1,[908],"[""Np""]",Ġ | N | p,Np,2,5774
l,5428,other,1,[80],"[""l""]",2,"[225, 80]","[""Ġ"", ""l""]","[""O"", ""Ġ"", ""l"", ""Ġ"", ""0""]","[""0"", ""Ġ"", ""1"", ""Ġ"", ""l""]",0,5428,1,[80],"[""l""]",1,[80],"[""l""]",Ġ | l,l,1,5428
72,2688,integer,2,"[27, 22]","[""7"", ""2""]",3,"[225, 27, 22]","[""Ġ"", ""7"", ""2""]","[""O"", ""Ġ"", ""7"", ""2"", ""Ġ"", ""0""]","[""0"", ""Ġ"", ""1"", ""Ġ"", ""7"", ""2""]",0,2688,1,[909],"[""72""]",1,[909],"[""72""]",Ġ | 7 | 2,72,2,5376
73,2662,integer,2,"[27, 23]","[""7"", ""3""]",3,"[225, 27, 23]","[""Ġ"", ""7"", ""3""]","[""O"", ""Ġ"", ""7"", ""3"", ""Ġ"", ""0""]","[""0"", ""Ġ"", ""1"", ""Ġ"", ""7"", ""3""]",0,2662,1,[910],"[""73""]",1,[910],"[""73""]",Ġ | 7 | 3,73,2,5324
74,2564,integer,2,"[27, 24]","[""7"", ""4""]",3,"[225, 27, 24]","[""Ġ"", ""7"", ""4""]","[""O"", ""Ġ"", ""7"", ""4"", ""Ġ"", ""0""]","[""0"", ""Ġ"", ""1"", ""Ġ"", ""7"", ""4""]",0,2564,1,[911],"[""74""]",1,[911],"[""74""]",Ġ | 7 | 4,74,2,5128
75,2553,integer,2,"[27, 25]","[""7"", ""5""]",3,"[225, 27, 25]","[""Ġ"", ""7"", ""5""]","[""O"", ""Ġ"", ""7"", ""5"", ""Ġ"", ""0""]","[""0"", ""Ġ"", ""1"", ""Ġ"", ""7"", ""5""]",0,2553,1,[912],"[""75""]",1,[912],"[""75""]",Ġ | 7 | 5,75,2,5106
+-+,1685,periodic_direction,3,"[15, 17, 15]","[""+"", ""-"", ""+""]",4,"[225, 15, 17, 15]","[""Ġ"", ""+"", ""-"", ""+""]","[""O"", ""Ġ"", ""+"", ""-"", ""+"", ""Ġ"", ""0""]","[""0"", ""Ġ"", ""1"", ""Ġ"", ""+"", ""-"", ""+""]",0,1685,1,[920],"[""+-+""]",1,[920],"[""+-+""]",Ġ | + | - | +,+-+,3,5055
54,4799,integer,1,[531],"[""54""]",2,"[225, 531]","[""Ġ"", ""54""]","[""O"", ""Ġ"", ""54"", ""Ġ"", ""0""]","[""0"", ""Ġ"", ""1"", ""Ġ"", ""54""]",0,4799,1,[531],"[""54""]",1,[531],"[""54""]",Ġ | 54,54,1,4799
76,2310,integer,2,"[27, 26]","[""7"", ""6""]",3,"[225, 27, 26]","[""Ġ"", ""7"", ""6""]","[""O"", ""Ġ"", ""7"", ""6"", ""Ġ"", ""0""]","[""0"", ""Ġ"", ""1"", ""Ġ"", ""7"", ""6""]",0,2310,1,[913],"[""76""]",1,[913],"[""76""]",Ġ | 7 | 6,76,2,4620
77,2257,integer,2,"[27, 27]","[""7"", ""7""]",3,"[225, 27, 27]","[""Ġ"", ""7"", ""7""]","[""O"", ""Ġ"", ""7"", ""7"", ""Ġ"", ""0""]","[""0"", ""Ġ"", ""1"", ""Ġ"", ""7"", ""7""]",0,2257,1,[914],"[""77""]",1,[914],"[""77""]",Ġ | 7 | 7,77,2,4514
78,2246,integer,2,"[27, 28]","[""7"", ""8""]",3,"[225, 27, 28]","[""Ġ"", ""7"", ""8""]","[""O"", ""Ġ"", ""7"", ""8"", ""Ġ"", ""0""]","[""0"", ""Ġ"", ""1"", ""Ġ"", ""7"", ""8""]",0,2246,1,[915],"[""78""]",1,[915],"[""78""]",Ġ | 7 | 8,78,2,4492
-+-,1497,periodic_direction,3,"[17, 15, 17]","[""-"", ""+"", ""-""]",4,"[225, 17, 15, 17]","[""Ġ"", ""-"", ""+"", ""-""]","[""O"", ""Ġ"", ""-"", ""+"", ""-"", ""Ġ"", ""0""]","[""0"", ""Ġ"", ""1"", ""Ġ"", ""-"", ""+"", ""-""]",0,1497,1,[921],"[""-+-""]",1,[921],"[""-+-""]",Ġ | - | + | -,-+-,3,4491
79,2245,integer,2,"[27, 29]","[""7"", ""9""]",3,"[225, 27, 29]","[""Ġ"", ""7"", ""9""]","[""O"", ""Ġ"", ""7"", ""9"", ""Ġ"", ""0""]","[""0"", ""Ġ"", ""1"", ""Ġ"", ""7"", ""9""]",0,2245,1,[916],"[""79""]",1,[916],"[""79""]",Ġ | 7 | 9,79,2,4490
W,4326,element,1,[59],"[""W""]",2,"[225, 59]","[""Ġ"", ""W""]","[""O"", ""Ġ"", ""W"", ""Ġ"", ""0""]","[""0"", ""Ġ"", ""1"", ""Ġ"", ""W""]",0,4326,1,[59],"[""W""]",1,[59],"[""W""]",Ġ | W,W,1,4326
z,4173,other,1,[94],"[""z""]",2,"[225, 94]","[""Ġ"", ""z""]","[""O"", ""Ġ"", ""z"", ""Ġ"", ""0""]","[""0"", ""Ġ"", ""1"", ""Ġ"", ""z""]",0,4173,1,[94],"[""z""]",1,[94],"[""z""]",Ġ | z,z,1,4173
m,4097,other,1,[81],"[""m""]",2,"[225, 81]","[""Ġ"", ""m""]","[""O"", ""Ġ"", ""m"", ""Ġ"", ""0""]","[""0"", ""Ġ"", ""1"", ""Ġ"", ""m""]",0,4097,1,[81],"[""m""]",1,[81],"[""m""]",Ġ | m,m,1,4097
k,3460,other,1,[79],"[""k""]",2,"[225, 79]","[""Ġ"", ""k""]","[""O"", ""Ġ"", ""k"", ""Ġ"", ""0""]","[""0"", ""Ġ"", ""1"", ""Ġ"", ""k""]",0,3460,1,[79],"[""k""]",1,[79],"[""k""]",Ġ | k,k,1,3460
U,3186,element,1,[57],"[""U""]",2,"[225, 57]","[""Ġ"", ""U""]","[""O"", ""Ġ"", ""U"", ""Ġ"", ""0""]","[""0"", ""Ġ"", ""1"", ""Ġ"", ""U""]",0,3186,1,[57],"[""U""]",1,[57],"[""U""]",Ġ | U,U,1,3186
Gd,1295,element,2,"[43, 72]","[""G"", ""d""]",3,"[225, 43, 72]","[""Ġ"", ""G"", ""d""]","[""O"", ""Ġ"", ""G"", ""d"", ""Ġ"", ""0""]","[""0"", ""Ġ"", ""1"", ""Ġ"", ""G"", ""d""]",0,1295,1,[922],"[""Gd""]",1,[922],"[""Gd""]",Ġ | G | d,Gd,2,2590
Lu,1166,element,2,"[48, 89]","[""L"", ""u""]",3,"[225, 48, 89]","[""Ġ"", ""L"", ""u""]","[""O"", ""Ġ"", ""L"", ""u"", ""Ġ"", ""0""]","[""0"", ""Ġ"", ""1"", ""Ġ"", ""L"", ""u""]",0,1166,1,[923],"[""Lu""]",1,[923],"[""Lu""]",Ġ | L | u,Lu,2,2332
Eu,1140,element,2,"[41, 89]","[""E"", ""u""]",3,"[225, 41, 89]","[""Ġ"", ""E"", ""u""]","[""O"", ""Ġ"", ""E"", ""u"", ""Ġ"", ""0""]","[""0"", ""Ġ"", ""1"", ""Ġ"", ""E"", ""u""]",0,1140,1,[924],"[""Eu""]",1,[924],"[""Eu""]",Ġ | E | u,Eu,2,2280
ODB,659,other,3,"[51, 40, 38]","[""O"", ""D"", ""B""]",4,"[225, 51, 40, 38]","[""Ġ"", ""O"", ""D"", ""B""]","[""O"", ""Ġ"", ""O"", ""D"", ""B"", ""Ġ"", ""0""]","[""0"", ""Ġ"", ""1"", ""Ġ"", ""O"", ""D"", ""B""]",0,659,1,[925],"[""ODB""]",1,[925],"[""ODB""]",Ġ | O | D | B,ODB,3,1977
h,1894,other,1,[76],"[""h""]",2,"[225, 76]","[""Ġ"", ""h""]","[""O"", ""Ġ"", ""h"", ""Ġ"", ""0""]","[""0"", ""Ġ"", ""1"", ""Ġ"", ""h""]",0,1894,1,[76],"[""h""]",1,[76],"[""h""]",Ġ | h,h,1,1894
YBO,595,other,3,"[61, 38, 51]","[""Y"", ""B"", ""O""]",4,"[225, 61, 38, 51]","[""Ġ"", ""Y"", ""B"", ""O""]","[""O"", ""Ġ"", ""Y"", ""B"", ""O"", ""Ġ"", ""0""]","[""0"", ""Ġ"", ""1"", ""Ġ"", ""Y"", ""B"", ""O""]",0,595,1,[929],"[""YBO""]",1,[929],"[""YBO""]",Ġ | Y | B | O,YBO,3,1785
BBB,548,other,3,"[38, 38, 38]","[""B"", ""B"", ""B""]",4,"[225, 38, 38, 38]","[""Ġ"", ""B"", ""B"", ""B""]","[""O"", ""Ġ"", ""B"", ""B"", ""B"", ""Ġ"", ""0""]","[""0"", ""Ġ"", ""1"", ""Ġ"", ""B"", ""B"", ""B""]",0,548,1,[932],"[""BBB""]",1,[932],"[""BBB""]",Ġ | B | B | B,BBB,3,1644
i,1488,other,1,[77],"[""i""]",2,"[225, 77]","[""Ġ"", ""i""]","[""O"", ""Ġ"", ""i"", ""Ġ"", ""0""]","[""0"", ""Ġ"", ""1"", ""Ġ"", ""i""]",0,1488,1,[77],"[""i""]",1,[77],"[""i""]",Ġ | i,i,1,1488
BFF,439,other,3,"[38, 42, 42]","[""B"", ""F"", ""F""]",4,"[225, 38, 42, 42]","[""Ġ"", ""B"", ""F"", ""F""]","[""O"", ""Ġ"", ""B"", ""F"", ""F"", ""Ġ"", ""0""]","[""0"", ""Ġ"", ""1"", ""Ġ"", ""B"", ""F"", ""F""]",0,439,1,[941],"[""BFF""]",1,[941],"[""BFF""]",Ġ | B | F | F,BFF,3,1317
ZZZ,438,other,3,"[62, 62, 62]","[""Z"", ""Z"", ""Z""]",4,"[225, 62, 62, 62]","[""Ġ"", ""Z"", ""Z"", ""Z""]","[""O"", ""Ġ"", ""Z"", ""Z"", ""Z"", ""Ġ"", ""0""]","[""0"", ""Ġ"", ""1"", ""Ġ"", ""Z"", ""Z"", ""Z""]",0,438,1,[942],"[""ZZZ""]",1,[942],"[""ZZZ""]",Ġ | Z | Z | Z,ZZZ,3,1314
81,638,integer,2,"[28, 21]","[""8"", ""1""]",3,"[225, 28, 21]","[""Ġ"", ""8"", ""1""]","[""O"", ""Ġ"", ""8"", ""1"", ""Ġ"", ""0""]","[""0"", ""Ġ"", ""1"", ""Ġ"", ""8"", ""1""]",0,638,1,[926],"[""81""]",1,[926],"[""81""]",Ġ | 8 | 1,81,2,1276
80,638,integer,2,"[28, 20]","[""8"", ""0""]",3,"[225, 28, 20]","[""Ġ"", ""8"", ""0""]","[""O"", ""Ġ"", ""8"", ""0"", ""Ġ"", ""0""]","[""0"", ""Ġ"", ""1"", ""Ġ"", ""8"", ""0""]",0,638,1,[927],"[""80""]",1,[927],"[""80""]",Ġ | 8 | 0,80,2,1276
82,616,integer,2,"[28, 22]","[""8"", ""2""]",3,"[225, 28, 22]","[""Ġ"", ""8"", ""2""]","[""O"", ""Ġ"", ""8"", ""2"", ""Ġ"", ""0""]","[""0"", ""Ġ"", ""1"", ""Ġ"", ""8"", ""2""]",0,616,1,[928],"[""82""]",1,[928],"[""82""]",Ġ | 8 | 2,82,2,1232
u,1226,other,1,[89],"[""u""]",2,"[225, 89]","[""Ġ"", ""u""]","[""O"", ""Ġ"", ""u"", ""Ġ"", ""0""]","[""0"", ""Ġ"", ""1"", ""Ġ"", ""u""]",0,1226,1,[89],"[""u""]",1,[89],"[""u""]",Ġ | u,u,1,1226
83,590,integer,2,"[28, 23]","[""8"", ""3""]",3,"[225, 28, 23]","[""Ġ"", ""8"", ""3""]","[""O"", ""Ġ"", ""8"", ""3"", ""Ġ"", ""0""]","[""0"", ""Ġ"", ""1"", ""Ġ"", ""8"", ""3""]",0,590,1,[930],"[""83""]",1,[930],"[""83""]",Ġ | 8 | 3,83,2,1180
BBO,387,other,3,"[38, 38, 51]","[""B"", ""B"", ""O""]",4,"[225, 38, 38, 51]","[""Ġ"", ""B"", ""B"", ""O""]","[""O"", ""Ġ"", ""B"", ""B"", ""O"", ""Ġ"", ""0""]","[""0"", ""Ġ"", ""1"", ""Ġ"", ""B"", ""B"", ""O""]",0,387,1,[947],"[""BBO""]",1,[947],"[""BBO""]",Ġ | B | B | O,BBO,3,1161
Yb,574,element,2,"[61, 70]","[""Y"", ""b""]",3,"[225, 61, 70]","[""Ġ"", ""Y"", ""b""]","[""O"", ""Ġ"", ""Y"", ""b"", ""Ġ"", ""0""]","[""0"", ""Ġ"", ""1"", ""Ġ"", ""Y"", ""b""]",0,574,1,[931],"[""Yb""]",1,[931],"[""Yb""]",Ġ | Y | b,Yb,2,1148
DOO,368,other,3,"[40, 51, 51]","[""D"", ""O"", ""O""]",4,"[225, 40, 51, 51]","[""Ġ"", ""D"", ""O"", ""O""]","[""O"", ""Ġ"", ""D"", ""O"", ""O"", ""Ġ"", ""0""]","[""0"", ""Ġ"", ""1"", ""Ġ"", ""D"", ""O"", ""O""]",0,368,1,[951],"[""DOO""]",1,[951],"[""DOO""]",Ġ | D | O | O,DOO,3,1104
87,528,integer,2,"[28, 27]","[""8"", ""7""]",3,"[225, 28, 27]","[""Ġ"", ""8"", ""7""]","[""O"", ""Ġ"", ""8"", ""7"", ""Ġ"", ""0""]","[""0"", ""Ġ"", ""1"", ""Ġ"", ""8"", ""7""]",0,528,1,[933],"[""87""]",1,[933],"[""87""]",Ġ | 8 | 7,87,2,1056
84,528,integer,2,"[28, 24]","[""8"", ""4""]",3,"[225, 28, 24]","[""Ġ"", ""8"", ""4""]","[""O"", ""Ġ"", ""8"", ""4"", ""Ġ"", ""0""]","[""0"", ""Ġ"", ""1"", ""Ġ"", ""8"", ""4""]",0,528,1,[934],"[""84""]",1,[934],"[""84""]",Ġ | 8 | 4,84,2,1056
86,525,integer,2,"[28, 26]","[""8"", ""6""]",3,"[225, 28, 26]","[""Ġ"", ""8"", ""6""]","[""O"", ""Ġ"", ""8"", ""6"", ""Ġ"", ""0""]","[""0"", ""Ġ"", ""1"", ""Ġ"", ""8"", ""6""]",0,525,1,[935],"[""86""]",1,[935],"[""86""]",Ġ | 8 | 6,86,2,1050
85,517,integer,2,"[28, 25]","[""8"", ""5""]",3,"[225, 28, 25]","[""Ġ"", ""8"", ""5""]","[""O"", ""Ġ"", ""8"", ""5"", ""Ġ"", ""0""]","[""0"", ""Ġ"", ""1"", ""Ġ"", ""8"", ""5""]",0,517,1,[936],"[""85""]",1,[936],"[""85""]",Ġ | 8 | 5,85,2,1034
90,488,integer,2,"[29, 20]","[""9"", ""0""]",3,"[225, 29, 20]","[""Ġ"", ""9"", ""0""]","[""O"", ""Ġ"", ""9"", ""0"", ""Ġ"", ""0""]","[""0"", ""Ġ"", ""1"", ""Ġ"", ""9"", ""0""]",0,488,1,[937],"[""90""]",1,[937],"[""90""]",Ġ | 9 | 0,90,2,976
88,488,integer,2,"[28, 28]","[""8"", ""8""]",3,"[225, 28, 28]","[""Ġ"", ""8"", ""8""]","[""O"", ""Ġ"", ""8"", ""8"", ""Ġ"", ""0""]","[""0"", ""Ġ"", ""1"", ""Ġ"", ""8"", ""8""]",0,488,1,[938],"[""88""]",1,[938],"[""88""]",Ġ | 8 | 8,88,2,976
91,482,integer,2,"[29, 21]","[""9"", ""1""]",3,"[225, 29, 21]","[""Ġ"", ""9"", ""1""]","[""O"", ""Ġ"", ""9"", ""1"", ""Ġ"", ""0""]","[""0"", ""Ġ"", ""1"", ""Ġ"", ""9"", ""1""]",0,482,1,[939],"[""91""]",1,[939],"[""91""]",Ġ | 9 | 1,91,2,964
89,469,integer,2,"[28, 29]","[""8"", ""9""]",3,"[225, 28, 29]","[""Ġ"", ""8"", ""9""]","[""O"", ""Ġ"", ""8"", ""9"", ""Ġ"", ""0""]","[""0"", ""Ġ"", ""1"", ""Ġ"", ""8"", ""9""]",0,469,1,[940],"[""89""]",1,[940],"[""89""]",Ġ | 8 | 9,89,2,938
OBZ,295,other,3,"[51, 38, 62]","[""O"", ""B"", ""Z""]",4,"[225, 51, 38, 62]","[""Ġ"", ""O"", ""B"", ""Z""]","[""O"", ""Ġ"", ""O"", ""B"", ""Z"", ""Ġ"", ""0""]","[""0"", ""Ġ"", ""1"", ""Ġ"", ""O"", ""B"", ""Z""]",0,295,1,[953],"[""OBZ""]",1,[953],"[""OBZ""]",Ġ | O | B | Z,OBZ,3,885
FBB,291,other,3,"[42, 38, 38]","[""F"", ""B"", ""B""]",4,"[225, 42, 38, 38]","[""Ġ"", ""F"", ""B"", ""B""]","[""O"", ""Ġ"", ""F"", ""B"", ""B"", ""Ġ"", ""0""]","[""0"", ""Ġ"", ""1"", ""Ġ"", ""F"", ""B"", ""B""]",0,291,1,[954],"[""FBB""]",1,[954],"[""FBB""]",Ġ | F | B | B,FBB,3,873
f,847,other,1,[74],"[""f""]",2,"[225, 74]","[""Ġ"", ""f""]","[""O"", ""Ġ"", ""f"", ""Ġ"", ""0""]","[""0"", ""Ġ"", ""1"", ""Ġ"", ""f""]",0,847,1,[74],"[""f""]",1,[74],"[""f""]",Ġ | f,f,1,847
93,416,integer,2,"[29, 23]","[""9"", ""3""]",3,"[225, 29, 23]","[""Ġ"", ""9"", ""3""]","[""O"", ""Ġ"", ""9"", ""3"", ""Ġ"", ""0""]","[""0"", ""Ġ"", ""1"", ""Ġ"", ""9"", ""3""]",0,416,1,[943],"[""93""]",1,[943],"[""93""]",Ġ | 9 | 3,93,2,832
94,415,integer,2,"[29, 24]","[""9"", ""4""]",3,"[225, 29, 24]","[""Ġ"", ""9"", ""4""]","[""O"", ""Ġ"", ""9"", ""4"", ""Ġ"", ""0""]","[""0"", ""Ġ"", ""1"", ""Ġ"", ""9"", ""4""]",0,415,1,[944],"[""94""]",1,[944],"[""94""]",Ġ | 9 | 4,94,2,830
92,409,integer,2,"[29, 22]","[""9"", ""2""]",3,"[225, 29, 22]","[""Ġ"", ""9"", ""2""]","[""O"", ""Ġ"", ""9"", ""2"", ""Ġ"", ""0""]","[""0"", ""Ġ"", ""1"", ""Ġ"", ""9"", ""2""]",0,409,1,[945],"[""92""]",1,[945],"[""92""]",Ġ | 9 | 2,92,2,818
95,404,integer,2,"[29, 25]","[""9"", ""5""]",3,"[225, 29, 25]","[""Ġ"", ""9"", ""5""]","[""O"", ""Ġ"", ""9"", ""5"", ""Ġ"", ""0""]","[""0"", ""Ġ"", ""1"", ""Ġ"", ""9"", ""5""]",0,404,1,[946],"[""95""]",1,[946],"[""95""]",Ġ | 9 | 5,95,2,808
96,371,integer,2,"[29, 26]","[""9"", ""6""]",3,"[225, 29, 26]","[""Ġ"", ""9"", ""6""]","[""O"", ""Ġ"", ""9"", ""6"", ""Ġ"", ""0""]","[""0"", ""Ġ"", ""1"", ""Ġ"", ""9"", ""6""]",0,371,1,[948],"[""96""]",1,[948],"[""96""]",Ġ | 9 | 6,96,2,742
99,370,integer,2,"[29, 29]","[""9"", ""9""]",3,"[225, 29, 29]","[""Ġ"", ""9"", ""9""]","[""O"", ""Ġ"", ""9"", ""9"", ""Ġ"", ""0""]","[""0"", ""Ġ"", ""1"", ""Ġ"", ""9"", ""9""]",0,370,1,[949],"[""99""]",1,[949],"[""99""]",Ġ | 9 | 9,99,2,740
97,370,integer,2,"[29, 27]","[""9"", ""7""]",3,"[225, 29, 27]","[""Ġ"", ""9"", ""7""]","[""O"", ""Ġ"", ""9"", ""7"", ""Ġ"", ""0""]","[""0"", ""Ġ"", ""1"", ""Ġ"", ""9"", ""7""]",0,370,1,[950],"[""97""]",1,[950],"[""97""]",Ġ | 9 | 7,97,2,740
FBF,241,other,3,"[42, 38, 42]","[""F"", ""B"", ""F""]",4,"[225, 42, 38, 42]","[""Ġ"", ""F"", ""B"", ""F""]","[""O"", ""Ġ"", ""F"", ""B"", ""F"", ""Ġ"", ""0""]","[""0"", ""Ġ"", ""1"", ""Ġ"", ""F"", ""B"", ""F""]",0,241,1,[955],"[""FBF""]",1,[955],"[""FBF""]",Ġ | F | B | F,FBF,3,723
98,352,integer,2,"[29, 28]","[""9"", ""8""]",3,"[225, 29, 28]","[""Ġ"", ""9"", ""8""]","[""O"", ""Ġ"", ""9"", ""8"", ""Ġ"", ""0""]","[""0"", ""Ġ"", ""1"", ""Ġ"", ""9"", ""8""]",0,352,1,[952],"[""98""]",1,[952],"[""98""]",Ġ | 9 | 8,98,2,704
100,226,integer,3,"[21, 20, 20]","[""1"", ""0"", ""0""]",4,"[225, 21, 20, 20]","[""Ġ"", ""1"", ""0"", ""0""]","[""O"", ""Ġ"", ""1"", ""0"", ""0"", ""Ġ"", ""0""]","[""0"", ""Ġ"", ""1"", ""Ġ"", ""1"", ""0"", ""0""]",0,226,1,[956],"[""100""]",1,[956],"[""100""]",Ġ | 1 | 0 | 0,100,3,678
101,224,integer,3,"[21, 20, 21]","[""1"", ""0"", ""1""]",4,"[225, 21, 20, 21]","[""Ġ"", ""1"", ""0"", ""1""]","[""O"", ""Ġ"", ""1"", ""0"", ""1"", ""Ġ"", ""0""]","[""0"", ""Ġ"", ""1"", ""Ġ"", ""1"", ""0"", ""1""]",0,224,1,[957],"[""101""]",1,[957],"[""101""]",Ġ | 1 | 0 | 1,101,3,672
102,217,integer,3,"[21, 20, 22]","[""1"", ""0"", ""2""]",4,"[225, 21, 20, 22]","[""Ġ"", ""1"", ""0"", ""2""]","[""O"", ""Ġ"", ""1"", ""0"", ""2"", ""Ġ"", ""0""]","[""0"", ""Ġ"", ""1"", ""Ġ"", ""1"", ""0"", ""2""]",0,217,1,[958],"[""102""]",1,[958],"[""102""]",Ġ | 1 | 0 | 2,102,3,651
103,215,integer,3,"[21, 20, 23]","[""1"", ""0"", ""3""]",4,"[225, 21, 20, 23]","[""Ġ"", ""1"", ""0"", ""3""]","[""O"", ""Ġ"", ""1"", ""0"", ""3"", ""Ġ"", ""0""]","[""0"", ""Ġ"", ""1"", ""Ġ"", ""1"", ""0"", ""3""]",0,215,1,[959],"[""103""]",1,[959],"[""103""]",Ġ | 1 | 0 | 3,103,3,645
104,206,integer,3,"[21, 20, 24]","[""1"", ""0"", ""4""]",4,"[225, 21, 20, 24]","[""Ġ"", ""1"", ""0"", ""4""]","[""O"", ""Ġ"", ""1"", ""0"", ""4"", ""Ġ"", ""0""]","[""0"", ""Ġ"", ""1"", ""Ġ"", ""1"", ""0"", ""4""]",0,206,1,[960],"[""104""]",1,[960],"[""104""]",Ġ | 1 | 0 | 4,104,3,618
105,203,integer,3,"[21, 20, 25]","[""1"", ""0"", ""5""]",4,"[225, 21, 20, 25]","[""Ġ"", ""1"", ""0"", ""5""]","[""O"", ""Ġ"", ""1"", ""0"", ""5"", ""Ġ"", ""0""]","[""0"", ""Ġ"", ""1"", ""Ġ"", ""1"", ""0"", ""5""]",0,203,1,[961],"[""105""]",1,[961],"[""105""]",Ġ | 1 | 0 | 5,105,3,609
106,152,integer,3,"[21, 20, 26]","[""1"", ""0"", ""6""]",4,"[225, 21, 20, 26]","[""Ġ"", ""1"", ""0"", ""6""]","[""O"", ""Ġ"", ""1"", ""0"", ""6"", ""Ġ"", ""0""]","[""0"", ""Ġ"", ""1"", ""Ġ"", ""1"", ""0"", ""6""]",0,152,1,[962],"[""106""]",1,[962],"[""106""]",Ġ | 1 | 0 | 6,106,3,456
107,147,integer,3,"[21, 20, 27]","[""1"", ""0"", ""7""]",4,"[225, 21, 20, 27]","[""Ġ"", ""1"", ""0"", ""7""]","[""O"", ""Ġ"", ""1"", ""0"", ""7"", ""Ġ"", ""0""]","[""0"", ""Ġ"", ""1"", ""Ġ"", ""1"", ""0"", ""7""]",0,147,1,[963],"[""107""]",1,[963],"[""107""]",Ġ | 1 | 0 | 7,107,3,441
108,115,integer,3,"[21, 20, 28]","[""1"", ""0"", ""8""]",4,"[225, 21, 20, 28]","[""Ġ"", ""1"", ""0"", ""8""]","[""O"", ""Ġ"", ""1"", ""0"", ""8"", ""Ġ"", ""0""]","[""0"", ""Ġ"", ""1"", ""Ġ"", ""1"", ""0"", ""8""]",0,115,1,[964],"[""108""]",1,[964],"[""108""]",Ġ | 1 | 0 | 8,108,3,345
109,114,integer,3,"[21, 20, 29]","[""1"", ""0"", ""9""]",4,"[225, 21, 20, 29]","[""Ġ"", ""1"", ""0"", ""9""]","[""O"", ""Ġ"", ""1"", ""0"", ""9"", ""Ġ"", ""0""]","[""0"", ""Ġ"", ""1"", ""Ġ"", ""1"", ""0"", ""9""]",0,114,1,[965],"[""109""]",1,[965],"[""109""]",Ġ | 1 | 0 | 9,109,3,342
110,113,integer,3,"[21, 21, 20]","[""1"", ""1"", ""0""]",4,"[225, 21, 21, 20]","[""Ġ"", ""1"", ""1"", ""0""]","[""O"", ""Ġ"", ""1"", ""1"", ""0"", ""Ġ"", ""0""]","[""0"", ""Ġ"", ""1"", ""Ġ"", ""1"", ""1"", ""0""]",0,113,1,[966],"[""110""]",1,[966],"[""110""]",Ġ | 1 | 1 | 0,110,3,339
111,112,integer,3,"[21, 21, 21]","[""1"", ""1"", ""1""]",4,"[225, 21, 21, 21]","[""Ġ"", ""1"", ""1"", ""1""]","[""O"", ""Ġ"", ""1"", ""1"", ""1"", ""Ġ"", ""0""]","[""0"", ""Ġ"", ""1"", ""Ġ"", ""1"", ""1"", ""1""]",0,112,1,[967],"[""111""]",1,[967],"[""111""]",Ġ | 1 | 1 | 1,111,3,336
115,107,integer,3,"[21, 21, 25]","[""1"", ""1"", ""5""]",4,"[225, 21, 21, 25]","[""Ġ"", ""1"", ""1"", ""5""]","[""O"", ""Ġ"", ""1"", ""1"", ""5"", ""Ġ"", ""0""]","[""0"", ""Ġ"", ""1"", ""Ġ"", ""1"", ""1"", ""5""]",0,107,1,[968],"[""115""]",1,[968],"[""115""]",Ġ | 1 | 1 | 5,115,3,321
114,107,integer,3,"[21, 21, 24]","[""1"", ""1"", ""4""]",4,"[225, 21, 21, 24]","[""Ġ"", ""1"", ""1"", ""4""]","[""O"", ""Ġ"", ""1"", ""1"", ""4"", ""Ġ"", ""0""]","[""0"", ""Ġ"", ""1"", ""Ġ"", ""1"", ""1"", ""4""]",0,107,1,[969],"[""114""]",1,[969],"[""114""]",Ġ | 1 | 1 | 4,114,3,321
116,91,integer,3,"[21, 21, 26]","[""1"", ""1"", ""6""]",4,"[225, 21, 21, 26]","[""Ġ"", ""1"", ""1"", ""6""]","[""O"", ""Ġ"", ""1"", ""1"", ""6"", ""Ġ"", ""0""]","[""0"", ""Ġ"", ""1"", ""Ġ"", ""1"", ""1"", ""6""]",0,91,1,[972],"[""116""]",1,[972],"[""116""]",Ġ | 1 | 1 | 6,116,3,273
119,89,integer,3,"[21, 21, 29]","[""1"", ""1"", ""9""]",4,"[225, 21, 21, 29]","[""Ġ"", ""1"", ""1"", ""9""]","[""O"", ""Ġ"", ""1"", ""1"", ""9"", ""Ġ"", ""0""]","[""0"", ""Ġ"", ""1"", ""Ġ"", ""1"", ""1"", ""9""]",0,89,1,[973],"[""119""]",1,[973],"[""119""]",Ġ | 1 | 1 | 9,119,3,267
117,88,integer,3,"[21, 21, 27]","[""1"", ""1"", ""7""]",4,"[225, 21, 21, 27]","[""Ġ"", ""1"", ""1"", ""7""]","[""O"", ""Ġ"", ""1"", ""1"", ""7"", ""Ġ"", ""0""]","[""0"", ""Ġ"", ""1"", ""Ġ"", ""1"", ""1"", ""7""]",0,88,1,[974],"[""117""]",1,[974],"[""117""]",Ġ | 1 | 1 | 7,117,3,264
118,88,integer,3,"[21, 21, 28]","[""1"", ""1"", ""8""]",4,"[225, 21, 21, 28]","[""Ġ"", ""1"", ""1"", ""8""]","[""O"", ""Ġ"", ""1"", ""1"", ""8"", ""Ġ"", ""0""]","[""0"", ""Ġ"", ""1"", ""Ġ"", ""1"", ""1"", ""8""]",0,88,1,[975],"[""118""]",1,[975],"[""118""]",Ġ | 1 | 1 | 8,118,3,264
YYY,82,other,3,"[61, 61, 61]","[""Y"", ""Y"", ""Y""]",4,"[225, 61, 61, 61]","[""Ġ"", ""Y"", ""Y"", ""Y""]","[""O"", ""Ġ"", ""Y"", ""Y"", ""Y"", ""Ġ"", ""0""]","[""0"", ""Ġ"", ""1"", ""Ġ"", ""Y"", ""Y"", ""Y""]",0,82,1,[976],"[""YYY""]",1,[976],"[""YYY""]",Ġ | Y | Y | Y,YYY,3,246
s,241,other,1,[87],"[""s""]",2,"[225, 87]","[""Ġ"", ""s""]","[""O"", ""Ġ"", ""s"", ""Ġ"", ""0""]","[""0"", ""Ġ"", ""1"", ""Ġ"", ""s""]",0,241,1,[87],"[""s""]",1,[87],"[""s""]",Ġ | s,s,1,241
112,104,integer,2,"[21, 304]","[""1"", ""12""]",3,"[225, 21, 304]","[""Ġ"", ""1"", ""12""]","[""O"", ""Ġ"", ""1"", ""12"", ""Ġ"", ""0""]","[""0"", ""Ġ"", ""1"", ""Ġ"", ""1"", ""12""]",0,104,1,[970],"[""112""]",1,[970],"[""112""]",Ġ | 1 | 12,112,2,208
113,104,integer,2,"[21, 435]","[""1"", ""13""]",3,"[225, 21, 435]","[""Ġ"", ""1"", ""13""]","[""O"", ""Ġ"", ""1"", ""13"", ""Ġ"", ""0""]","[""0"", ""Ġ"", ""1"", ""Ġ"", ""1"", ""13""]",0,104,1,[971],"[""113""]",1,[971],"[""113""]",Ġ | 1 | 13,113,2,208
121,75,integer,2,"[304, 21]","[""12"", ""1""]",3,"[225, 304, 21]","[""Ġ"", ""12"", ""1""]","[""O"", ""Ġ"", ""12"", ""1"", ""Ġ"", ""0""]","[""0"", ""Ġ"", ""1"", ""Ġ"", ""12"", ""1""]",0,75,1,[977],"[""121""]",1,[977],"[""121""]",Ġ | 12 | 1,121,2,150
124,75,integer,2,"[304, 24]","[""12"", ""4""]",3,"[225, 304, 24]","[""Ġ"", ""12"", ""4""]","[""O"", ""Ġ"", ""12"", ""4"", ""Ġ"", ""0""]","[""0"", ""Ġ"", ""1"", ""Ġ"", ""12"", ""4""]",0,75,1,[978],"[""124""]",1,[978],"[""124""]",Ġ | 12 | 4,124,2,150
122,75,integer,2,"[304, 22]","[""12"", ""2""]",3,"[225, 304, 22]","[""Ġ"", ""12"", ""2""]","[""O"", ""Ġ"", ""12"", ""2"", ""Ġ"", ""0""]","[""0"", ""Ġ"", ""1"", ""Ġ"", ""12"", ""2""]",0,75,1,[979],"[""122""]",1,[979],"[""122""]",Ġ | 12 | 2,122,2,150
120,75,integer,2,"[304, 20]","[""12"", ""0""]",3,"[225, 304, 20]","[""Ġ"", ""12"", ""0""]","[""O"", ""Ġ"", ""12"", ""0"", ""Ġ"", ""0""]","[""0"", ""Ġ"", ""1"", ""Ġ"", ""12"", ""0""]",0,75,1,[980],"[""120""]",1,[980],"[""120""]",Ġ | 12 | 0,120,2,150
126,74,integer,2,"[304, 26]","[""12"", ""6""]",3,"[225, 304, 26]","[""Ġ"", ""12"", ""6""]","[""O"", ""Ġ"", ""12"", ""6"", ""Ġ"", ""0""]","[""0"", ""Ġ"", ""1"", ""Ġ"", ""12"", ""6""]",0,74,1,[981],"[""126""]",1,[981],"[""126""]",Ġ | 12 | 6,126,2,148
127,74,integer,2,"[304, 27]","[""12"", ""7""]",3,"[225, 304, 27]","[""Ġ"", ""12"", ""7""]","[""O"", ""Ġ"", ""12"", ""7"", ""Ġ"", ""0""]","[""0"", ""Ġ"", ""1"", ""Ġ"", ""12"", ""7""]",0,74,1,[982],"[""127""]",1,[982],"[""127""]",Ġ | 12 | 7,127,2,148
125,74,integer,2,"[304, 25]","[""12"", ""5""]",3,"[225, 304, 25]","[""Ġ"", ""12"", ""5""]","[""O"", ""Ġ"", ""12"", ""5"", ""Ġ"", ""0""]","[""0"", ""Ġ"", ""1"", ""Ġ"", ""12"", ""5""]",0,74,1,[983],"[""125""]",1,[983],"[""125""]",Ġ | 12 | 5,125,2,148
YYO,39,other,3,"[61, 61, 51]","[""Y"", ""Y"", ""O""]",4,"[225, 61, 61, 51]","[""Ġ"", ""Y"", ""Y"", ""O""]","[""O"", ""Ġ"", ""Y"", ""Y"", ""O"", ""Ġ"", ""0""]","[""0"", ""Ġ"", ""1"", ""Ġ"", ""Y"", ""Y"", ""O""]",0,39,1,[996],"[""YYO""]",1,[996],"[""YYO""]",Ġ | Y | Y | O,YYO,3,117
140,38,integer,3,"[21, 24, 20]","[""1"", ""4"", ""0""]",4,"[225, 21, 24, 20]","[""Ġ"", ""1"", ""4"", ""0""]","[""O"", ""Ġ"", ""1"", ""4"", ""0"", ""Ġ"", ""0""]","[""0"", ""Ġ"", ""1"", ""Ġ"", ""1"", ""4"", ""0""]",0,38,1,[997],"[""140""]",1,[997],"[""140""]",Ġ | 1 | 4 | 0,140,3,114
YBY,38,other,3,"[61, 38, 61]","[""Y"", ""B"", ""Y""]",4,"[225, 61, 38, 61]","[""Ġ"", ""Y"", ""B"", ""Y""]","[""O"", ""Ġ"", ""Y"", ""B"", ""Y"", ""Ġ"", ""0""]","[""0"", ""Ġ"", ""1"", ""Ġ"", ""Y"", ""B"", ""Y""]",0,38,1,[998],"[""YBY""]",1,[998],"[""YBY""]",Ġ | Y | B | Y,YBY,3,114
138,52,integer,2,"[435, 28]","[""13"", ""8""]",3,"[225, 435, 28]","[""Ġ"", ""13"", ""8""]","[""O"", ""Ġ"", ""13"", ""8"", ""Ġ"", ""0""]","[""0"", ""Ġ"", ""1"", ""Ġ"", ""13"", ""8""]",0,52,1,[984],"[""138""]",1,[984],"[""138""]",Ġ | 13 | 8,138,2,104
139,52,integer,2,"[435, 29]","[""13"", ""9""]",3,"[225, 435, 29]","[""Ġ"", ""13"", ""9""]","[""O"", ""Ġ"", ""13"", ""9"", ""Ġ"", ""0""]","[""0"", ""Ġ"", ""1"", ""Ġ"", ""13"", ""9""]",0,52,1,[985],"[""139""]",1,[985],"[""139""]",Ġ | 13 | 9,139,2,104
137,51,integer,2,"[435, 27]","[""13"", ""7""]",3,"[225, 435, 27]","[""Ġ"", ""13"", ""7""]","[""O"", ""Ġ"", ""13"", ""7"", ""Ġ"", ""0""]","[""0"", ""Ġ"", ""1"", ""Ġ"", ""13"", ""7""]",0,51,1,[986],"[""137""]",1,[986],"[""137""]",Ġ | 13 | 7,137,2,102
136,51,integer,2,"[435, 26]","[""13"", ""6""]",3,"[225, 435, 26]","[""Ġ"", ""13"", ""6""]","[""O"", ""Ġ"", ""13"", ""6"", ""Ġ"", ""0""]","[""0"", ""Ġ"", ""1"", ""Ġ"", ""13"", ""6""]",0,51,1,[987],"[""136""]",1,[987],"[""136""]",Ġ | 13 | 6,136,2,102
134,49,integer,2,"[21, 383]","[""1"", ""34""]",3,"[225, 21, 383]","[""Ġ"", ""1"", ""34""]","[""O"", ""Ġ"", ""1"", ""34"", ""Ġ"", ""0""]","[""0"", ""Ġ"", ""1"", ""Ġ"", ""1"", ""34""]",0,49,1,[988],"[""134""]",1,[988],"[""134""]",Ġ | 1 | 34,134,2,98
135,48,integer,2,"[435, 25]","[""13"", ""5""]",3,"[225, 435, 25]","[""Ġ"", ""13"", ""5""]","[""O"", ""Ġ"", ""13"", ""5"", ""Ġ"", ""0""]","[""0"", ""Ġ"", ""1"", ""Ġ"", ""13"", ""5""]",0,48,1,[989],"[""135""]",1,[989],"[""135""]",Ġ | 13 | 5,135,2,96
133,47,integer,2,"[435, 23]","[""13"", ""3""]",3,"[225, 435, 23]","[""Ġ"", ""13"", ""3""]","[""O"", ""Ġ"", ""13"", ""3"", ""Ġ"", ""0""]","[""0"", ""Ġ"", ""1"", ""Ġ"", ""13"", ""3""]",0,47,1,[990],"[""133""]",1,[990],"[""133""]",Ġ | 13 | 3,133,2,94
132,47,integer,2,"[21, 333]","[""1"", ""32""]",3,"[225, 21, 333]","[""Ġ"", ""1"", ""32""]","[""O"", ""Ġ"", ""1"", ""32"", ""Ġ"", ""0""]","[""0"", ""Ġ"", ""1"", ""Ġ"", ""1"", ""32""]",0,47,1,[991],"[""132""]",1,[991],"[""132""]",Ġ | 1 | 32,132,2,94
131,45,integer,2,"[435, 21]","[""13"", ""1""]",3,"[225, 435, 21]","[""Ġ"", ""13"", ""1""]","[""O"", ""Ġ"", ""13"", ""1"", ""Ġ"", ""0""]","[""0"", ""Ġ"", ""1"", ""Ġ"", ""13"", ""1""]",0,45,1,[992],"[""131""]",1,[992],"[""131""]",Ġ | 13 | 1,131,2,90
129,45,integer,2,"[304, 29]","[""12"", ""9""]",3,"[225, 304, 29]","[""Ġ"", ""12"", ""9""]","[""O"", ""Ġ"", ""12"", ""9"", ""Ġ"", ""0""]","[""0"", ""Ġ"", ""1"", ""Ġ"", ""12"", ""9""]",0,45,1,[993],"[""129""]",1,[993],"[""129""]",Ġ | 12 | 9,129,2,90
128,45,integer,2,"[304, 28]","[""12"", ""8""]",3,"[225, 304, 28]","[""Ġ"", ""12"", ""8""]","[""O"", ""Ġ"", ""12"", ""8"", ""Ġ"", ""0""]","[""0"", ""Ġ"", ""1"", ""Ġ"", ""12"", ""8""]",0,45,1,[994],"[""128""]",1,[994],"[""128""]",Ġ | 12 | 8,128,2,90
130,45,integer,2,"[435, 20]","[""13"", ""0""]",3,"[225, 435, 20]","[""Ġ"", ""13"", ""0""]","[""O"", ""Ġ"", ""13"", ""0"", ""Ġ"", ""0""]","[""0"", ""Ġ"", ""1"", ""Ġ"", ""13"", ""0""]",0,45,1,[995],"[""130""]",1,[995],"[""130""]",Ġ | 13 | 0,130,2,90
OOE,30,other,3,"[51, 51, 41]","[""O"", ""O"", ""E""]",4,"[225, 51, 51, 41]","[""Ġ"", ""O"", ""O"", ""E""]","[""O"", ""Ġ"", ""O"", ""O"", ""E"", ""Ġ"", ""0""]","[""0"", ""Ġ"", ""1"", ""Ġ"", ""O"", ""O"", ""E""]",0,30,1,[1002],"[""OOE""]",1,[1002],"[""OOE""]",Ġ | O | O | E,OOE,3,90
146,28,integer,3,"[21, 24, 26]","[""1"", ""4"", ""6""]",4,"[225, 21, 24, 26]","[""Ġ"", ""1"", ""4"", ""6""]","[""O"", ""Ġ"", ""1"", ""4"", ""6"", ""Ġ"", ""0""]","[""0"", ""Ġ"", ""1"", ""Ġ"", ""1"", ""4"", ""6""]",0,28,1,[1003],"[""146""]",1,[1003],"[""146""]",Ġ | 1 | 4 | 6,146,3,84
147,28,integer,3,"[21, 24, 27]","[""1"", ""4"", ""7""]",4,"[225, 21, 24, 27]","[""Ġ"", ""1"", ""4"", ""7""]","[""O"", ""Ġ"", ""1"", ""4"", ""7"", ""Ġ"", ""0""]","[""0"", ""Ġ"", ""1"", ""Ġ"", ""1"", ""4"", ""7""]",0,28,1,[1004],"[""147""]",1,[1004],"[""147""]",Ġ | 1 | 4 | 7,147,3,84
149,27,integer,3,"[21, 24, 29]","[""1"", ""4"", ""9""]",4,"[225, 21, 24, 29]","[""Ġ"", ""1"", ""4"", ""9""]","[""O"", ""Ġ"", ""1"", ""4"", ""9"", ""Ġ"", ""0""]","[""0"", ""Ġ"", ""1"", ""Ġ"", ""1"", ""4"", ""9""]",0,27,1,[1005],"[""149""]",1,[1005],"[""149""]",Ġ | 1 | 4 | 9,149,3,81
148,27,integer,3,"[21, 24, 28]","[""1"", ""4"", ""8""]",4,"[225, 21, 24, 28]","[""Ġ"", ""1"", ""4"", ""8""]","[""O"", ""Ġ"", ""1"", ""4"", ""8"", ""Ġ"", ""0""]","[""0"", ""Ġ"", ""1"", ""Ġ"", ""1"", ""4"", ""8""]",0,27,1,[1006],"[""148""]",1,[1006],"[""148""]",Ġ | 1 | 4 | 8,148,3,81
144,27,integer,3,"[21, 24, 24]","[""1"", ""4"", ""4""]",4,"[225, 21, 24, 24]","[""Ġ"", ""1"", ""4"", ""4""]","[""O"", ""Ġ"", ""1"", ""4"", ""4"", ""Ġ"", ""0""]","[""0"", ""Ġ"", ""1"", ""Ġ"", ""1"", ""4"", ""4""]",0,27,1,[1007],"[""144""]",1,[1007],"[""144""]",Ġ | 1 | 4 | 4,144,3,81
141,38,integer,2,"[21, 679]","[""1"", ""41""]",3,"[225, 21, 679]","[""Ġ"", ""1"", ""41""]","[""O"", ""Ġ"", ""1"", ""41"", ""Ġ"", ""0""]","[""0"", ""Ġ"", ""1"", ""Ġ"", ""1"", ""41""]",0,38,1,[999],"[""141""]",1,[999],"[""141""]",Ġ | 1 | 41,141,2,76
123,75,integer,1,[750],"[""123""]",2,"[225, 750]","[""Ġ"", ""123""]","[""O"", ""Ġ"", ""123"", ""Ġ"", ""0""]","[""0"", ""Ġ"", ""1"", ""Ġ"", ""123""]",0,75,1,[750],"[""123""]",1,[750],"[""123""]",Ġ | 123,123,1,75
142,37,integer,2,"[21, 543]","[""1"", ""42""]",3,"[225, 21, 543]","[""Ġ"", ""1"", ""42""]","[""O"", ""Ġ"", ""1"", ""42"", ""Ġ"", ""0""]","[""0"", ""Ġ"", ""1"", ""Ġ"", ""1"", ""42""]",0,37,1,[1000],"[""142""]",1,[1000],"[""142""]",Ġ | 1 | 42,142,2,74
143,37,integer,2,"[21, 396]","[""1"", ""43""]",3,"[225, 21, 396]","[""Ġ"", ""1"", ""43""]","[""O"", ""Ġ"", ""1"", ""43"", ""Ġ"", ""0""]","[""0"", ""Ġ"", ""1"", ""Ġ"", ""1"", ""43""]",0,37,1,[1001],"[""143""]",1,[1001],"[""143""]",Ġ | 1 | 43,143,2,74
145,27,integer,2,"[21, 510]","[""1"", ""45""]",3,"[225, 21, 510]","[""Ġ"", ""1"", ""45""]","[""O"", ""Ġ"", ""1"", ""45"", ""Ġ"", ""0""]","[""0"", ""Ġ"", ""1"", ""Ġ"", ""1"", ""45""]",0,27,1,[1008],"[""145""]",1,[1008],"[""145""]",Ġ | 1 | 45,145,2,54
DDB,18,other,3,"[40, 40, 38]","[""D"", ""D"", ""B""]",4,"[225, 40, 40, 38]","[""Ġ"", ""D"", ""D"", ""B""]","[""O"", ""Ġ"", ""D"", ""D"", ""B"", ""Ġ"", ""0""]","[""0"", ""Ġ"", ""1"", ""Ġ"", ""D"", ""D"", ""B""]",0,18,1,[1010],"[""DDB""]",1,[1010],"[""DDB""]",Ġ | D | D | B,DDB,3,54
OOC,24,other,2,"[51, 279]","[""O"", ""OC""]",3,"[225, 51, 279]","[""Ġ"", ""O"", ""OC""]","[""O"", ""Ġ"", ""O"", ""OC"", ""Ġ"", ""0""]","[""0"", ""Ġ"", ""1"", ""Ġ"", ""O"", ""OC""]",0,24,1,[1009],"[""OOC""]",1,[1009],"[""OOC""]",Ġ | O | OC,OOC,2,48
OYZ,15,other,3,"[51, 61, 62]","[""O"", ""Y"", ""Z""]",4,"[225, 51, 61, 62]","[""Ġ"", ""O"", ""Y"", ""Z""]","[""O"", ""Ġ"", ""O"", ""Y"", ""Z"", ""Ġ"", ""0""]","[""0"", ""Ġ"", ""1"", ""Ġ"", ""O"", ""Y"", ""Z""]",0,15,1,[1011],"[""OYZ""]",1,[1011],"[""OYZ""]",Ġ | O | Y | Z,OYZ,3,45
DDF,14,other,3,"[40, 40, 42]","[""D"", ""D"", ""F""]",4,"[225, 40, 40, 42]","[""Ġ"", ""D"", ""D"", ""F""]","[""O"", ""Ġ"", ""D"", ""D"", ""F"", ""Ġ"", ""0""]","[""0"", ""Ġ"", ""1"", ""Ġ"", ""D"", ""D"", ""F""]",0,14,1,[1012],"[""DDF""]",1,[1012],"[""DDF""]",Ġ | D | D | F,DDF,3,42
OOB,13,other,3,"[51, 51, 38]","[""O"", ""O"", ""B""]",4,"[225, 51, 51, 38]","[""Ġ"", ""O"", ""O"", ""B""]","[""O"", ""Ġ"", ""O"", ""O"", ""B"", ""Ġ"", ""0""]","[""0"", ""Ġ"", ""1"", ""Ġ"", ""O"", ""O"", ""B""]",0,13,1,[1013],"[""OOB""]",1,[1013],"[""OOB""]",Ġ | O | O | B,OOB,3,39
DOB,7,other,3,"[40, 51, 38]","[""D"", ""O"", ""B""]",4,"[225, 40, 51, 38]","[""Ġ"", ""D"", ""O"", ""B""]","[""O"", ""Ġ"", ""D"", ""O"", ""B"", ""Ġ"", ""0""]","[""0"", ""Ġ"", ""1"", ""Ġ"", ""D"", ""O"", ""B""]",0,7,1,[1015],"[""DOB""]",1,[1015],"[""DOB""]",Ġ | D | O | B,DOB,3,21
Xe,10,element,2,"[60, 73]","[""X"", ""e""]",3,"[225, 60, 73]","[""Ġ"", ""X"", ""e""]","[""O"", ""Ġ"", ""X"", ""e"", ""Ġ"", ""0""]","[""0"", ""Ġ"", ""1"", ""Ġ"", ""X"", ""e""]",0,10,1,[1014],"[""Xe""]",1,[1014],"[""Xe""]",Ġ | X | e,Xe,2,20
OBB,4,other,3,"[51, 38, 38]","[""O"", ""B"", ""B""]",4,"[225, 51, 38, 38]","[""Ġ"", ""O"", ""B"", ""B""]","[""O"", ""Ġ"", ""O"", ""B"", ""B"", ""Ġ"", ""0""]","[""0"", ""Ġ"", ""1"", ""Ġ"", ""O"", ""B"", ""B""]",0,4,1,[1016],"[""OBB""]",1,[1016],"[""OBB""]",Ġ | O | B | B,OBB,3,12
151,3,integer,3,"[21, 25, 21]","[""1"", ""5"", ""1""]",4,"[225, 21, 25, 21]","[""Ġ"", ""1"", ""5"", ""1""]","[""O"", ""Ġ"", ""1"", ""5"", ""1"", ""Ġ"", ""0""]","[""0"", ""Ġ"", ""1"", ""Ġ"", ""1"", ""5"", ""1""]",0,3,1,[1017],"[""151""]",1,[1017],"[""151""]",Ġ | 1 | 5 | 1,151,3,9
150,3,integer,3,"[21, 25, 20]","[""1"", ""5"", ""0""]",4,"[225, 21, 25, 20]","[""Ġ"", ""1"", ""5"", ""0""]","[""O"", ""Ġ"", ""1"", ""5"", ""0"", ""Ġ"", ""0""]","[""0"", ""Ġ"", ""1"", ""Ġ"", ""1"", ""5"", ""0""]",0,3,1,[1018],"[""150""]",1,[1018],"[""150""]",Ġ | 1 | 5 | 0,150,3,9
He,2,element,2,"[44, 73]","[""H"", ""e""]",3,"[225, 44, 73]","[""Ġ"", ""H"", ""e""]","[""O"", ""Ġ"", ""H"", ""e"", ""Ġ"", ""0""]","[""0"", ""Ġ"", ""1"", ""Ġ"", ""H"", ""e""]",0,2,1,[1019],"[""He""]",1,[1019],"[""He""]",Ġ | H | e,He,2,4
OOF,1,other,3,"[51, 51, 42]","[""O"", ""O"", ""F""]",4,"[225, 51, 51, 42]","[""Ġ"", ""O"", ""O"", ""F""]","[""O"", ""Ġ"", ""O"", ""O"", ""F"", ""Ġ"", ""0""]","[""0"", ""Ġ"", ""1"", ""Ġ"", ""O"", ""O"", ""F""]",0,1,1,[1020],"[""OOF""]",1,[1020],"[""OOF""]",Ġ | O | O | F,OOF,3,3
