token,token_id,familia,estrategia,norma,dentro_q01_q99
[SLICES],767,marcador,special_centroid_calibrated_plus_small_offset,0.553286,True
<EL_H>,768,elemento,exact_chemical_token_transfer,0.5526405,True
<EL_Li>,769,elemento,neutral_calibrated_center_plus_orthogonal_offset,0.55328596,True
<EL_Be>,770,elemento,neutral_calibrated_center_plus_orthogonal_offset,0.5532859,True
<EL_B>,771,elemento,exact_chemical_token_transfer,0.5326618,True
<EL_C>,772,elemento,exact_chemical_token_transfer,0.55639005,True
<EL_N>,773,elemento,exact_chemical_token_transfer,0.5481967,True
<EL_O>,774,elemento,exact_chemical_token_transfer,0.55042005,True
<EL_F>,775,elemento,exact_chemical_token_transfer,0.5586886,True
<EL_Na>,776,elemento,neutral_calibrated_center_plus_orthogonal_offset,0.5532859,True
<EL_Mg>,777,elemento,neutral_calibrated_center_plus_orthogonal_offset,0.55328596,True
<EL_Al>,778,elemento,neutral_calibrated_center_plus_orthogonal_offset,0.5532859,True
<EL_Si>,779,elemento,neutral_calibrated_center_plus_orthogonal_offset,0.55328596,True
<EL_P>,780,elemento,exact_chemical_token_transfer,0.56204015,True
<EL_S>,781,elemento,exact_chemical_token_transfer,0.56547827,True
<EL_Cl>,782,elemento,exact_chemical_token_transfer,0.5383688,True
<EL_K>,783,elemento,exact_chemical_token_transfer,0.55301577,True
<EL_Ca>,784,elemento,neutral_calibrated_center_plus_orthogonal_offset,0.5532859,True
<EL_Sc>,785,elemento,exact_chemical_token_transfer,0.54832196,True
<EL_Ti>,786,elemento,neutral_calibrated_center_plus_orthogonal_offset,0.5532859,True
<EL_V>,787,elemento,exact_chemical_token_transfer,0.5475056,True
<EL_Cr>,788,elemento,neutral_calibrated_center_plus_orthogonal_offset,0.55328596,True
<EL_Mn>,789,elemento,neutral_calibrated_center_plus_orthogonal_offset,0.5532859,True
<EL_Fe>,790,elemento,neutral_calibrated_center_plus_orthogonal_offset,0.55328596,True
<EL_Co>,791,elemento,neutral_calibrated_center_plus_orthogonal_offset,0.5532859,True
<EL_Ni>,792,elemento,neutral_calibrated_center_plus_orthogonal_offset,0.55328596,True
<EL_Cu>,793,elemento,neutral_calibrated_center_plus_orthogonal_offset,0.55328596,True
<EL_Zn>,794,elemento,neutral_calibrated_center_plus_orthogonal_offset,0.55328596,True
<EL_Ga>,795,elemento,neutral_calibrated_center_plus_orthogonal_offset,0.55328596,True
<EL_Ge>,796,elemento,neutral_calibrated_center_plus_orthogonal_offset,0.55328596,True
<EL_As>,797,elemento,neutral_calibrated_center_plus_orthogonal_offset,0.55328596,True
<EL_Se>,798,elemento,neutral_calibrated_center_plus_orthogonal_offset,0.5532859,True
<EL_Br>,799,elemento,exact_chemical_token_transfer,0.57966816,True
<EL_Rb>,800,elemento,neutral_calibrated_center_plus_orthogonal_offset,0.5532859,True
<EL_Sr>,801,elemento,neutral_calibrated_center_plus_orthogonal_offset,0.553286,True
<EL_Y>,802,elemento,exact_chemical_token_transfer,0.56890845,True
<EL_Zr>,803,elemento,neutral_calibrated_center_plus_orthogonal_offset,0.55328596,True
<EL_Nb>,804,elemento,neutral_calibrated_center_plus_orthogonal_offset,0.5532859,True
<EL_Mo>,805,elemento,neutral_calibrated_center_plus_orthogonal_offset,0.55328596,True
<EL_Tc>,806,elemento,neutral_calibrated_center_plus_orthogonal_offset,0.5532859,True
<EL_Ru>,807,elemento,neutral_calibrated_center_plus_orthogonal_offset,0.553286,True
<EL_Rh>,808,elemento,neutral_calibrated_center_plus_orthogonal_offset,0.5532859,True
<EL_Pd>,809,elemento,neutral_calibrated_center_plus_orthogonal_offset,0.55328596,True
<EL_Ag>,810,elemento,neutral_calibrated_center_plus_orthogonal_offset,0.5532859,True
<EL_Cd>,811,elemento,neutral_calibrated_center_plus_orthogonal_offset,0.5532859,True
<EL_In>,812,elemento,neutral_calibrated_center_plus_orthogonal_offset,0.55328596,True
<EL_Sn>,813,elemento,neutral_calibrated_center_plus_orthogonal_offset,0.55328596,True
<EL_Sb>,814,elemento,neutral_calibrated_center_plus_orthogonal_offset,0.55328596,True
<EL_Te>,815,elemento,neutral_calibrated_center_plus_orthogonal_offset,0.55328596,True
<EL_I>,816,elemento,exact_chemical_token_transfer,0.55890346,True
<EL_Xe>,817,elemento,neutral_calibrated_center_plus_orthogonal_offset,0.55328596,True
<EL_Cs>,818,elemento,neutral_calibrated_center_plus_orthogonal_offset,0.5532859,True
<EL_Ba>,819,elemento,neutral_calibrated_center_plus_orthogonal_offset,0.55328596,True
<EL_La>,820,elemento,neutral_calibrated_center_plus_orthogonal_offset,0.55328596,True
<EL_Ce>,821,elemento,neutral_calibrated_center_plus_orthogonal_offset,0.5532859,True
<EL_Pr>,822,elemento,neutral_calibrated_center_plus_orthogonal_offset,0.5532859,True
<EL_Nd>,823,elemento,neutral_calibrated_center_plus_orthogonal_offset,0.55328596,True
<EL_Pm>,824,elemento,neutral_calibrated_center_plus_orthogonal_offset,0.553286,True
<EL_Sm>,825,elemento,neutral_calibrated_center_plus_orthogonal_offset,0.55328596,True
<EL_Eu>,826,elemento,neutral_calibrated_center_plus_orthogonal_offset,0.5532859,True
<EL_Gd>,827,elemento,neutral_calibrated_center_plus_orthogonal_offset,0.55328596,True
<EL_Tb>,828,elemento,neutral_calibrated_center_plus_orthogonal_offset,0.55328596,True
<EL_Dy>,829,elemento,neutral_calibrated_center_plus_orthogonal_offset,0.5532859,True
<EL_Ho>,830,elemento,neutral_calibrated_center_plus_orthogonal_offset,0.55328596,True
<EL_Er>,831,elemento,neutral_calibrated_center_plus_orthogonal_offset,0.55328596,True
<EL_Tm>,832,elemento,neutral_calibrated_center_plus_orthogonal_offset,0.553286,True
<EL_Yb>,833,elemento,neutral_calibrated_center_plus_orthogonal_offset,0.55328596,True
<EL_Lu>,834,elemento,neutral_calibrated_center_plus_orthogonal_offset,0.55328596,True
<EL_Hf>,835,elemento,neutral_calibrated_center_plus_orthogonal_offset,0.5532859,True
<EL_Ta>,836,elemento,neutral_calibrated_center_plus_orthogonal_offset,0.55328596,True
<EL_W>,837,elemento,exact_chemical_token_transfer,0.5472832,True
<EL_Re>,838,elemento,neutral_calibrated_center_plus_orthogonal_offset,0.55328596,True
<EL_Os>,839,elemento,neutral_calibrated_center_plus_orthogonal_offset,0.553286,True
<EL_Ir>,840,elemento,neutral_calibrated_center_plus_orthogonal_offset,0.5532859,True
<EL_Pt>,841,elemento,neutral_calibrated_center_plus_orthogonal_offset,0.55328596,True
<EL_Au>,842,elemento,neutral_calibrated_center_plus_orthogonal_offset,0.5532859,True
<EL_Hg>,843,elemento,neutral_calibrated_center_plus_orthogonal_offset,0.55328596,True
<EL_Tl>,844,elemento,neutral_calibrated_center_plus_orthogonal_offset,0.55328596,True
<EL_Pb>,845,elemento,neutral_calibrated_center_plus_orthogonal_offset,0.5532859,True
<EL_Bi>,846,elemento,neutral_calibrated_center_plus_orthogonal_offset,0.55328596,True
<EL_Ac>,847,elemento,neutral_calibrated_center_plus_orthogonal_offset,0.55328596,True
<EL_Th>,848,elemento,neutral_calibrated_center_plus_orthogonal_offset,0.55328596,True
<EL_U>,849,elemento,exact_chemical_token_transfer,0.5737804,True
<EL_Np>,850,elemento,neutral_calibrated_center_plus_orthogonal_offset,0.55328596,True
<EL_Pu>,851,elemento,neutral_calibrated_center_plus_orthogonal_offset,0.5532859,True
<N_0>,852,nodo,digit_centroid_calibrated_plus_orthogonal_offset,0.5532859,True
<N_1>,853,nodo,digit_centroid_calibrated_plus_orthogonal_offset,0.55328596,True
<N_2>,854,nodo,digit_centroid_calibrated_plus_orthogonal_offset,0.5532859,True
<N_3>,855,nodo,digit_centroid_calibrated_plus_orthogonal_offset,0.5532859,True
<N_4>,856,nodo,digit_centroid_calibrated_plus_orthogonal_offset,0.5532859,True
<N_5>,857,nodo,digit_centroid_calibrated_plus_orthogonal_offset,0.5532859,True
<N_6>,858,nodo,digit_centroid_calibrated_plus_orthogonal_offset,0.5532859,True
<N_7>,859,nodo,digit_centroid_calibrated_plus_orthogonal_offset,0.5532859,True
<N_8>,860,nodo,digit_centroid_calibrated_plus_orthogonal_offset,0.5532859,True
<N_9>,861,nodo,digit_centroid_calibrated_plus_orthogonal_offset,0.55328584,True
<N_10>,862,nodo,digit_centroid_calibrated_plus_orthogonal_offset,0.5532859,True
<N_11>,863,nodo,digit_centroid_calibrated_plus_orthogonal_offset,0.5532859,True
<N_12>,864,nodo,digit_centroid_calibrated_plus_orthogonal_offset,0.5532859,True
<N_13>,865,nodo,digit_centroid_calibrated_plus_orthogonal_offset,0.55328596,True
<N_14>,866,nodo,digit_centroid_calibrated_plus_orthogonal_offset,0.55328596,True
<N_15>,867,nodo,digit_centroid_calibrated_plus_orthogonal_offset,0.5532859,True
<N_16>,868,nodo,digit_centroid_calibrated_plus_orthogonal_offset,0.5532859,True
<N_17>,869,nodo,digit_centroid_calibrated_plus_orthogonal_offset,0.5532859,True
<N_18>,870,nodo,digit_centroid_calibrated_plus_orthogonal_offset,0.5532859,True
<N_19>,871,nodo,digit_centroid_calibrated_plus_orthogonal_offset,0.5532859,True
<T_--->,872,traslación,calibrated_center_plus_structured_3d_basis,0.5560455,True
<T_--o>,873,traslación,calibrated_center_plus_structured_3d_basis,0.5532859,True
<T_--+>,874,traslación,calibrated_center_plus_structured_3d_basis,0.5560455,True
<T_-o->,875,traslación,calibrated_center_plus_structured_3d_basis,0.55328596,True
<T_-oo>,876,traslación,calibrated_center_plus_structured_3d_basis,0.55051255,True
<T_-o+>,877,traslación,calibrated_center_plus_structured_3d_basis,0.55328596,True
<T_-+->,878,traslación,calibrated_center_plus_structured_3d_basis,0.5560455,True
<T_-+o>,879,traslación,calibrated_center_plus_structured_3d_basis,0.5532859,True
<T_-++>,880,traslación,calibrated_center_plus_structured_3d_basis,0.5560455,True
<T_o-->,881,traslación,calibrated_center_plus_structured_3d_basis,0.5532859,True
<T_o-o>,882,traslación,calibrated_center_plus_structured_3d_basis,0.55051255,True
<T_o-+>,883,traslación,calibrated_center_plus_structured_3d_basis,0.55328596,True
<T_oo->,884,traslación,calibrated_center_plus_structured_3d_basis,0.55051255,True
<T_ooo>,885,traslación,calibrated_center_plus_structured_3d_basis,0.54772514,True
<T_oo+>,886,traslación,calibrated_center_plus_structured_3d_basis,0.5505125,True
<T_o+->,887,traslación,calibrated_center_plus_structured_3d_basis,0.55328596,True
<T_o+o>,888,traslación,calibrated_center_plus_structured_3d_basis,0.5505126,True
<T_o++>,889,traslación,calibrated_center_plus_structured_3d_basis,0.5532859,True
<T_+-->,890,traslación,calibrated_center_plus_structured_3d_basis,0.5560455,True
<T_+-o>,891,traslación,calibrated_center_plus_structured_3d_basis,0.5532859,True
<T_+-+>,892,traslación,calibrated_center_plus_structured_3d_basis,0.5560455,True
<T_+o->,893,traslación,calibrated_center_plus_structured_3d_basis,0.55328596,True
<T_+oo>,894,traslación,calibrated_center_plus_structured_3d_basis,0.5505126,True
<T_+o+>,895,traslación,calibrated_center_plus_structured_3d_basis,0.5532859,True
<T_++->,896,traslación,calibrated_center_plus_structured_3d_basis,0.5560455,True
<T_++o>,897,traslación,calibrated_center_plus_structured_3d_basis,0.5532859,True
<T_+++>,898,traslación,calibrated_center_plus_structured_3d_basis,0.5560455,True
