column,missing_count,missing_percent,infinite_count,unique_count
slices_validation_error,99998,100.0,0,0
slices_conversion_error,99998,100.0,0,0
structure_parsing_error,99998,100.0,0,0
conversion_error,99998,100.0,0,0
source_row_index,0,0.0,0,99998
dos_ef,0,0.0,0,94316
e_above_hull,0,0.0,0,96866
e_phase_separation,0,0.0,0,99906
correction,0,0.0,0,16297
band_gap_ind,0,0.0,0,9451
band_gap_dir,0,0.0,0,11272
total_mag,0,0.0,0,41810
decomposition,0,0.0,0,88383
stress,0,0.0,0,99996
mat_id,0,0.0,0,99998
location,0,0.0,0,99998
run_timestamp,0,0.0,0,99920
conversion_success,0,0.0,0,1
slices_n_chars,0,0.0,0,2061
e_form,0,0.0,0,99952
energy_corrected_per_atom,0,0.0,0,99911
energy_per_atom,0,0.0,0,99998
spg,0,0.0,0,196
prototype_id,0,0.0,0,17909
formula,0,0.0,0,96588
reduced_formula,0,0.0,0,96588
composition_key,0,0.0,0,96588
composition,0,0.0,0,97723
elements,0,0.0,0,67490
n_elements,0,0.0,0,8
nsites,0,0.0,0,103
energy_corrected,0,0.0,0,99851
volume,0,0.0,0,99998
volume_per_atom,0,0.0,0,99998
slices,0,0.0,0,99998
slices_basic_valid,0,0.0,0,1
slices_valid,0,0.0,0,2
energy,0,0.0,0,99998
energy_total,0,0.0,0,99998
slices_n_tokens,0,0.0,0,826
