record_id,formula,prototype,magnetic_order,calculation,converged,n_sites,volume,energy_per_atom,relaxed_energy_per_atom,bandgap,is_direct_gap
Ba1Ge1S3--Ba1Ge1S3_dist_perovskite--nm--gga-relax,Ba1Ge1S3,dist_perovskite,nm,gga-relax,True,20,501.821901356347,-4.7597745235,-4.7597745235,0.5616999999999996,True
Ba1Ge1S3--Ba1Ge1S3_dist_perovskite--nm--gga-static,Ba1Ge1S3,dist_perovskite,nm,gga-static,True,20,501.821901356347,-4.7619815445,-4.7597745235,0.5634000000000001,True
Ba1Ge1S3--Ba1Ge1S3_hexagonal--nm--gga-relax,Ba1Ge1S3,hexagonal,nm,gga-relax,True,20,591.8065434806406,-4.8155111655,-4.8155111655,2.0916,False
Ba1Ge1S3--Ba1Ge1S3_hexagonal--nm--gga-static,Ba1Ge1S3,hexagonal,nm,gga-static,True,20,591.8065434806406,-4.8193788635,-4.8155111655,2.0915999999999997,False
Ba1Ge1S3--Ba1Ge1S3_needle--nm--gga-relax,Ba1Ge1S3,needle,nm,gga-relax,True,20,471.7579285338406,-4.6901387475,-4.6901387475,0.42740000000000045,False
Ba1Ge1S3--Ba1Ge1S3_needle--nm--gga-static,Ba1Ge1S3,needle,nm,gga-static,True,20,471.7579285338406,-4.6902429145,-4.6901387475,0.4272999999999998,False
Ba1Hf1S3--Ba1Hf1S3_dist_perovskite--nm--gga-relax,Ba1Hf1S3,dist_perovskite,nm,gga-relax,True,20,497.9243080766423,-6.6839433679999996,-6.6839433679999996,1.2652,True
Ba1Hf1S3--Ba1Hf1S3_dist_perovskite--nm--gga-static,Ba1Hf1S3,dist_perovskite,nm,gga-static,True,20,497.9243080766423,-6.6839963835,-6.6839433679999996,1.2651000000000003,True
Ba1Hf1S3--Ba1Hf1S3_hexagonal--nm--gga-relax,Ba1Hf1S3,hexagonal,nm,gga-relax,True,20,515.2603019017798,-6.6748301549999995,-6.6748301549999995,1.1426999999999996,True
Ba1Hf1S3--Ba1Hf1S3_hexagonal--nm--gga-static,Ba1Hf1S3,hexagonal,nm,gga-static,True,20,515.2603019017798,-6.674908397,-6.6748301549999995,1.1426999999999996,True
Ba1Hf1S3--Ba1Hf1S3_needle--nm--gga-relax,Ba1Hf1S3,needle,nm,gga-relax,True,20,495.98031560914865,-6.677682986000001,-6.677682986000001,0.8669000000000002,True
Ba1Hf1S3--Ba1Hf1S3_needle--nm--gga-static,Ba1Hf1S3,needle,nm,gga-static,True,20,495.98031560914865,-6.6777296774999995,-6.677682986000001,0.8669000000000002,True
Ba1Nb1S3--Ba1Nb1S3_dist_perovskite--fm--gga-relax,Ba1Nb1S3,dist_perovskite,fm,gga-relax,True,20,471.4145948267812,-6.290142976,-6.290142976,0.0799000000000003,False
Ba1Nb1S3--Ba1Nb1S3_dist_perovskite--fm--gga-static,Ba1Nb1S3,dist_perovskite,fm,gga-static,True,20,471.4145948267812,-6.290184655,-6.290142976,0.07979999999999965,False
Ba1Nb1S3--Ba1Nb1S3_hexagonal--fm--gga-relax,Ba1Nb1S3,hexagonal,fm,gga-relax,True,20,478.492132208816,-6.3096951395,-6.3096951395,0.03599999999999959,False
Ba1Nb1S3--Ba1Nb1S3_hexagonal--fm--gga-static,Ba1Nb1S3,hexagonal,fm,gga-static,True,20,478.492132208816,-6.3096791119999995,-6.3096951395,0.03590000000000071,False
Ba1Nb1S3--Ba1Nb1S3_needle--fm--gga-relax,Ba1Nb1S3,needle,fm,gga-relax,True,20,467.5004183944724,-6.2537317405,-6.2537317405,0.0015999999999998238,False
Ba1Nb1S3--Ba1Nb1S3_needle--fm--gga-static,Ba1Nb1S3,needle,fm,gga-static,True,20,467.5004183944724,-6.253250412,-6.2537317405,0,False
Ba1Pb1S3--Ba1Pb1S3_dist_perovskite--nm--gga-relax,Ba1Pb1S3,dist_perovskite,nm,gga-relax,True,20,561.6576554142647,-4.392162795,-4.392162795,0.41369999999999996,False
Ba1Pb1S3--Ba1Pb1S3_dist_perovskite--nm--gga-static,Ba1Pb1S3,dist_perovskite,nm,gga-static,True,20,561.6576554142647,-4.3923172379999995,-4.392162795,0.41380000000000017,False
Ba1Pb1S3--Ba1Pb1S3_hexagonal--nm--gga-relax,Ba1Pb1S3,hexagonal,nm,gga-relax,True,20,612.2778905773304,-4.4513650245,-4.4513650245,0.6619999999999999,False
Ba1Pb1S3--Ba1Pb1S3_hexagonal--nm--gga-static,Ba1Pb1S3,hexagonal,nm,gga-static,True,20,612.2778905773304,-4.4522809805,-4.4513650245,0.6652,False
Ba1Pb1S3--Ba1Pb1S3_needle--nm--gga-relax,Ba1Pb1S3,needle,nm,gga-relax,True,20,532.2948812839376,-4.4513308055000005,-4.4513308055000005,0.07479999999999976,False
Ba1Pb1S3--Ba1Pb1S3_needle--nm--gga-static,Ba1Pb1S3,needle,nm,gga-static,True,20,532.2948812839376,-4.451448495999999,-4.4513308055000005,0.07479999999999976,False
Ba1S3Si1--Ba1S3Si1_dist_perovskite--nm--gga-relax,Ba1S3Si1,dist_perovskite,nm,gga-relax,True,20,570.2580684680446,-5.23078193,-5.23078193,2.7237000000000005,False
Ba1S3Si1--Ba1S3Si1_dist_perovskite--nm--gga-static,Ba1S3Si1,dist_perovskite,nm,gga-static,True,20,570.2580684680446,-5.231090802,-5.23078193,2.7238000000000007,False
Ba1S3Si1--Ba1S3Si1_hexagonal--nm--gga-relax,Ba1S3Si1,hexagonal,nm,gga-relax,True,20,588.3944505952354,-5.2327887859999995,-5.2327887859999995,2.8136,False
Ba1S3Si1--Ba1S3Si1_hexagonal--nm--gga-static,Ba1S3Si1,hexagonal,nm,gga-static,True,20,588.3944505952354,-5.2327717825,-5.2327887859999995,2.8136,False
Ba1S3Si1--Ba1S3Si1_needle--nm--gga-relax,Ba1S3Si1,needle,nm,gga-relax,True,20,446.67312761611413,-5.02937838,-5.02937838,0.9413,False
Ba1S3Si1--Ba1S3Si1_needle--nm--gga-static,Ba1S3Si1,needle,nm,gga-static,True,20,446.67312761611413,-5.0294352165,-5.02937838,0.9413,False
Ba1S3Sn1--Ba1S3Sn1_dist_perovskite--nm--gga-relax,Ba1S3Sn1,dist_perovskite,nm,gga-relax,True,20,520.8373629464172,-4.648554009,-4.648554009,0.7059000000000002,True
Ba1S3Sn1--Ba1S3Sn1_dist_perovskite--nm--gga-static,Ba1S3Sn1,dist_perovskite,nm,gga-static,True,20,520.8373629464172,-4.648707672,-4.648554009,0.706,True
Ba1S3Sn1--Ba1S3Sn1_hexagonal--nm--gga-relax,Ba1S3Sn1,hexagonal,nm,gga-relax,True,20,529.3168514433814,-4.6567895925,-4.6567895925,0.5518000000000001,True
Ba1S3Sn1--Ba1S3Sn1_hexagonal--nm--gga-static,Ba1S3Sn1,hexagonal,nm,gga-static,True,20,529.3168514433814,-4.6568913510000005,-4.6567895925,0.5516000000000005,True
Ba1S3Sn1--Ba1S3Sn1_needle--nm--gga-relax,Ba1S3Sn1,needle,nm,gga-relax,True,20,509.2172958067829,-4.7211621075,-4.7211621075,0.8708000000000005,False
Ba1S3Sn1--Ba1S3Sn1_needle--nm--gga-static,Ba1S3Sn1,needle,nm,gga-static,True,20,509.2172958067829,-4.7212614854999995,-4.7211621075,0.8708000000000005,False
Ba1S3Ti1--Ba1S3Ti1_dist_perovskite--fm--gga-relax,Ba1S3Ti1,dist_perovskite,fm,gga-relax,True,20,462.6931463382251,-6.0356895965,-6.0356895965,0.6462999999999997,False
Ba1S3Ti1--Ba1S3Ti1_dist_perovskite--fm--gga-static,Ba1S3Ti1,dist_perovskite,fm,gga-static,True,20,462.6931463382251,-6.0358719055000005,-6.0356895965,0.6461999999999999,False
Ba1S3Ti1--Ba1S3Ti1_hexagonal--fm--gga-relax,Ba1S3Ti1,hexagonal,fm,gga-relax,True,20,467.75302470526657,-6.064180632499999,-6.064180632499999,0.13759999999999994,False
Ba1S3Ti1--Ba1S3Ti1_hexagonal--fm--gga-static,Ba1S3Ti1,hexagonal,fm,gga-static,True,20,467.75302470526657,-6.0642580275,-6.064180632499999,0.13759999999999994,False
Ba1S3Ti1--Ba1S3Ti1_needle--fm--gga-relax,Ba1S3Ti1,needle,fm,gga-relax,True,20,473.14682962980135,-6.0286152995,-6.0286152995,0.7130999999999994,True
Ba1S3Ti1--Ba1S3Ti1_needle--fm--gga-static,Ba1S3Ti1,needle,fm,gga-static,True,20,473.14682962980135,-6.0287732475,-6.0286152995,0.7130999999999994,True
Ba1S3V1--Ba1S3V1_dist_perovskite--fm--gga-relax,Ba1S3V1,dist_perovskite,fm,gga-relax,True,20,454.69775587505666,-5.924131346,-5.924131346,0.0011999999999998678,False
Ba1S3V1--Ba1S3V1_dist_perovskite--fm--gga-static,Ba1S3V1,dist_perovskite,fm,gga-static,True,20,454.69775587505666,-5.924705256499999,-5.924131346,0,False
Ba1S3V1--Ba1S3V1_hexagonal--fm--gga-relax,Ba1S3V1,hexagonal,fm,gga-relax,True,20,441.12667679736217,-5.9649000015,-5.9649000015,0.009100000000000108,False
Ba1S3V1--Ba1S3V1_hexagonal--fm--gga-static,Ba1S3V1,hexagonal,fm,gga-static,True,20,441.12667679736217,-5.9649065210000005,-5.9649000015,0,False
Ba1S3V1--Ba1S3V1_needle--fm--gga-relax,Ba1S3V1,needle,fm,gga-relax,True,20,552.7246840452588,-5.999860626,-5.999860626,0.5427,False
Ba1S3V1--Ba1S3V1_needle--fm--gga-static,Ba1S3V1,needle,fm,gga-static,True,20,552.7246840452588,-6.005286657,-5.999860626,0.5419999999999998,False
Ba1S3Zr1--Ba1S3Zr1_dist_perovskite--nm--gga-relax,Ba1S3Zr1,dist_perovskite,nm,gga-relax,True,20,507.48442856434673,-6.3933737055,-6.3933737055,1.0529000000000002,True
Ba1S3Zr1--Ba1S3Zr1_dist_perovskite--nm--gga-static,Ba1S3Zr1,dist_perovskite,nm,gga-static,True,20,507.4844285643577,-6.3934091375,-6.3933737055,1.0529000000000002,True
Ba1S3Zr1--Ba1S3Zr1_hexagonal--nm--gga-relax,Ba1S3Zr1,hexagonal,nm,gga-relax,True,20,525.5562071103298,-6.3758382175,-6.3758382175,0.9529000000000001,True
Ba1S3Zr1--Ba1S3Zr1_hexagonal--nm--gga-static,Ba1S3Zr1,hexagonal,nm,gga-static,True,20,525.5562071103298,-6.375910317000001,-6.3758382175,0.9529000000000001,True
Ba1S3Zr1--Ba1S3Zr1_needle--nm--gga-relax,Ba1S3Zr1,needle,nm,gga-relax,True,20,501.56983105510955,-6.3866772975,-6.3866772975,0.7811000000000003,True
Ba1S3Zr1--Ba1S3Zr1_needle--nm--gga-static,Ba1S3Zr1,needle,nm,gga-static,True,20,501.56983105510955,-6.386704961,-6.3866772975,0.7811000000000003,True
Ca1Ge1S3--Ca1Ge1S3_dist_perovskite--nm--gga-relax,Ca1Ge1S3,dist_perovskite,nm,gga-relax,True,20,411.938765028465,-4.594460188,-4.594460188,0.5636000000000001,False
Ca1Ge1S3--Ca1Ge1S3_dist_perovskite--nm--gga-static,Ca1Ge1S3,dist_perovskite,nm,gga-static,True,20,411.938765028465,-4.594649799,-4.594460188,0.5634000000000006,False
Ca1Ge1S3--Ca1Ge1S3_hexagonal--nm--gga-relax,Ca1Ge1S3,hexagonal,nm,gga-relax,True,20,501.64553165891834,-4.6812400465,-4.6812400465,1.149,True
Ca1Ge1S3--Ca1Ge1S3_hexagonal--nm--gga-static,Ca1Ge1S3,hexagonal,nm,gga-static,True,20,501.64553165891834,-4.684327854499999,-4.6812400465,1.1484999999999999,True
Ca1Ge1S3--Ca1Ge1S3_needle--nm--gga-relax,Ca1Ge1S3,needle,nm,gga-relax,True,20,396.26817570843974,-4.6756233895,-4.6756233895,0.09269999999999978,False
Ca1Ge1S3--Ca1Ge1S3_needle--nm--gga-static,Ca1Ge1S3,needle,nm,gga-static,True,20,396.26817570843974,-4.675743493000001,-4.6756233895,0.09269999999999978,False
Ca1Hf1S3--Ca1Hf1S3_dist_perovskite--nm--gga-relax,Ca1Hf1S3,dist_perovskite,nm,gga-relax,True,20,440.9591961561834,-6.622022347,-6.622022347,1.5156,True
Ca1Hf1S3--Ca1Hf1S3_dist_perovskite--nm--gga-static,Ca1Hf1S3,dist_perovskite,nm,gga-static,True,20,440.9591961561834,-6.622102064000001,-6.622022347,1.5157000000000003,True
Ca1Hf1S3--Ca1Hf1S3_hexagonal--nm--gga-relax,Ca1Hf1S3,hexagonal,nm,gga-relax,True,20,481.0290661289932,-6.597278728000001,-6.597278728000001,1.4746000000000001,True
Ca1Hf1S3--Ca1Hf1S3_hexagonal--nm--gga-static,Ca1Hf1S3,hexagonal,nm,gga-static,True,20,481.0290661289932,-6.597279353999999,-6.597278728000001,1.4746000000000001,True
Ca1Hf1S3--Ca1Hf1S3_needle--nm--gga-relax,Ca1Hf1S3,needle,nm,gga-relax,True,20,435.71373090623655,-6.6087235185,-6.6087235185,0.7973999999999997,True
Ca1Hf1S3--Ca1Hf1S3_needle--nm--gga-static,Ca1Hf1S3,needle,nm,gga-static,True,20,435.71373090623655,-6.6087907715,-6.6087235185,0.7973999999999997,True
Ca1Nb1S3--Ca1Nb1S3_dist_perovskite--fm--gga-relax,Ca1Nb1S3,dist_perovskite,fm,gga-relax,True,20,419.54347054109155,-6.211347465,-6.211347465,0.017900000000000027,False
Ca1Nb1S3--Ca1Nb1S3_dist_perovskite--fm--gga-static,Ca1Nb1S3,dist_perovskite,fm,gga-static,True,20,419.54347054109155,-6.2113844455,-6.211347465,0.017700000000000493,False
Ca1Nb1S3--Ca1Nb1S3_hexagonal--fm--gga-relax,Ca1Nb1S3,hexagonal,fm,gga-relax,True,20,448.22567938079095,-6.1974548050000005,-6.1974548050000005,0.02149999999999963,False
Ca1Nb1S3--Ca1Nb1S3_hexagonal--fm--gga-static,Ca1Nb1S3,hexagonal,fm,gga-static,True,20,448.22567938079095,-6.197494805,-6.1974548050000005,0.02149999999999963,False
Ca1Nb1S3--Ca1Nb1S3_needle--fm--gga-relax,Ca1Nb1S3,needle,fm,gga-relax,True,20,405.3256028962033,-6.2155343709999995,-6.2155343709999995,0.013400000000000745,False
Ca1Nb1S3--Ca1Nb1S3_needle--fm--gga-static,Ca1Nb1S3,needle,fm,gga-static,True,20,405.3256028962033,-6.2155868565,-6.2155343709999995,0.012500000000000178,False
Ca1Pb1S3--Ca1Pb1S3_dist_perovskite--nm--gga-relax,Ca1Pb1S3,dist_perovskite,nm,gga-relax,True,20,497.39938281369535,-4.327341538000001,-4.327341538000001,0.08369999999999989,False
Ca1Pb1S3--Ca1Pb1S3_dist_perovskite--nm--gga-static,Ca1Pb1S3,dist_perovskite,nm,gga-static,True,20,497.39938281369535,-4.327594302,-4.327341538000001,0.08369999999999989,False
Ca1Pb1S3--Ca1Pb1S3_hexagonal--nm--gga-relax,Ca1Pb1S3,hexagonal,nm,gga-relax,True,20,549.5747574781855,-4.429652798499999,-4.429652798499999,1.2254000000000005,False
Ca1Pb1S3--Ca1Pb1S3_hexagonal--nm--gga-static,Ca1Pb1S3,hexagonal,nm,gga-static,True,20,549.5747574781855,-4.4298792765,-4.429652798499999,0.05049999999999999,False
Ca1Pb1S3--Ca1Pb1S3_needle--nm--gga-relax,Ca1Pb1S3,needle,nm,gga-relax,True,20,581.7016906072218,-4.4849084385,-4.4849084385,0.12230000000000008,False
Ca1Pb1S3--Ca1Pb1S3_needle--nm--gga-static,Ca1Pb1S3,needle,nm,gga-static,True,20,581.7016906072218,-4.485703056,-4.4849084385,0.11929999999999996,False
Ca1S3Si1--Ca1S3Si1_dist_perovskite--nm--gga-relax,Ca1S3Si1,dist_perovskite,nm,gga-relax,True,20,501.18335009513424,-5.1160005225,-5.1160005225,2.7772999999999994,False
Ca1S3Si1--Ca1S3Si1_dist_perovskite--nm--gga-static,Ca1S3Si1,dist_perovskite,nm,gga-static,True,20,501.18335009513424,-5.118406347,-5.1160005225,2.7774,False
Ca1S3Si1--Ca1S3Si1_hexagonal--nm--gga-relax,Ca1S3Si1,hexagonal,nm,gga-relax,True,20,499.2168906039876,-5.1316383685,-5.1316383685,2.6834,False
Ca1S3Si1--Ca1S3Si1_hexagonal--nm--gga-static,Ca1S3Si1,hexagonal,nm,gga-static,True,20,499.2168906039876,-5.1351285945,-5.1316383685,2.6962999999999995,False
Ca1S3Si1--Ca1S3Si1_needle--nm--gga-relax,Ca1S3Si1,needle,nm,gga-relax,True,20,374.8938501727707,-5.0413406275,-5.0413406275,0.8092999999999995,True
Ca1S3Si1--Ca1S3Si1_needle--nm--gga-static,Ca1S3Si1,needle,nm,gga-static,True,20,374.8938501727707,-5.041410218,-5.0413406275,0.8095000000000008,True
Ca1S3Sn1--Ca1S3Sn1_dist_perovskite--nm--gga-relax,Ca1S3Sn1,dist_perovskite,nm,gga-relax,True,20,459.0066323551344,-4.6088074435,-4.6088074435,0.7728999999999999,True
Ca1S3Sn1--Ca1S3Sn1_dist_perovskite--nm--gga-static,Ca1S3Sn1,dist_perovskite,nm,gga-static,True,20,459.0066323551344,-4.608994479,-4.6088074435,0.7728999999999999,True
Ca1S3Sn1--Ca1S3Sn1_hexagonal--nm--gga-relax,Ca1S3Sn1,hexagonal,nm,gga-relax,True,20,495.0732709383368,-4.5767007415,-4.5767007415,0.8910999999999998,False
Ca1S3Sn1--Ca1S3Sn1_hexagonal--nm--gga-static,Ca1S3Sn1,hexagonal,nm,gga-static,True,20,495.0732709383368,-4.5768466565,-4.5767007415,0.8910999999999998,False
Ca1S3Sn1--Ca1S3Sn1_needle--nm--gga-relax,Ca1S3Sn1,needle,nm,gga-relax,True,20,440.91128338326746,-4.646477351,-4.646477351,0.8303000000000003,False
Ca1S3Sn1--Ca1S3Sn1_needle--nm--gga-static,Ca1S3Sn1,needle,nm,gga-static,True,20,440.91128338326746,-4.6465986355,-4.646477351,0.8303000000000003,False
Ca1S3Ti1--Ca1S3Ti1_dist_perovskite--fm--gga-relax,Ca1S3Ti1,dist_perovskite,fm,gga-relax,True,20,404.66847556254,-5.986111023,-5.986111023,0.6295000000000002,False
Ca1S3Ti1--Ca1S3Ti1_dist_perovskite--fm--gga-static,Ca1S3Ti1,dist_perovskite,fm,gga-static,True,20,404.66847556254,-5.9862048975,-5.986111023,0.6293999999999995,False
Ca1S3Ti1--Ca1S3Ti1_hexagonal--fm--gga-relax,Ca1S3Ti1,hexagonal,fm,gga-relax,True,20,435.9949892621461,-5.940026491999999,-5.940026491999999,0.9998999999999998,False
Ca1S3Ti1--Ca1S3Ti1_hexagonal--fm--gga-static,Ca1S3Ti1,hexagonal,fm,gga-static,True,20,435.9949892621461,-5.940216728499999,-5.940026491999999,1.008,False
Ca1S3Ti1--Ca1S3Ti1_needle--fm--gga-relax,Ca1S3Ti1,needle,fm,gga-relax,True,20,397.95746374858334,-5.9904152425,-5.9904152425,0.054400000000000226,False
Ca1S3Ti1--Ca1S3Ti1_needle--fm--gga-static,Ca1S3Ti1,needle,fm,gga-static,True,20,397.95746374858334,-5.984128279,-5.9904152425,0.051600000000000534,False
Ca1S3V1--Ca1S3V1_dist_perovskite--fm--gga-relax,Ca1S3V1,dist_perovskite,fm,gga-relax,True,20,386.1852050158686,-5.8893484295,-5.8893484295,0.003100000000000769,False
Ca1S3V1--Ca1S3V1_dist_perovskite--fm--gga-static,Ca1S3V1,dist_perovskite,fm,gga-static,True,20,386.1852050158686,-5.889635509,-5.8893484295,0,False
Ca1S3V1--Ca1S3V1_hexagonal--fm--gga-relax,Ca1S3V1,hexagonal,fm,gga-relax,True,20,417.57259061431597,-5.8601967245,-5.8601967245,0.0055000000000005045,False
Ca1S3V1--Ca1S3V1_hexagonal--fm--gga-static,Ca1S3V1,hexagonal,fm,gga-static,True,20,417.57259061431597,-5.8606383635,-5.8601967245,0,False
Ca1S3V1--Ca1S3V1_needle--fm--gga-relax,Ca1S3V1,needle,fm,gga-relax,True,20,385.33091269893123,-5.8998025695,-5.8998025695,0.005399999999999849,False
Ca1S3V1--Ca1S3V1_needle--fm--gga-static,Ca1S3V1,needle,fm,gga-static,True,20,385.33091269893123,-5.8994672515,-5.8998025695,0,False
Ca1S3Zr1--Ca1S3Zr1_dist_perovskite--nm--gga-relax,Ca1S3Zr1,dist_perovskite,nm,gga-relax,True,20,448.5057899581021,-6.325449781,-6.325449781,1.2385000000000002,True
Ca1S3Zr1--Ca1S3Zr1_dist_perovskite--nm--gga-static,Ca1S3Zr1,dist_perovskite,nm,gga-static,True,20,448.5057899581021,-6.325491705999999,-6.325449781,1.2386,True
Ca1S3Zr1--Ca1S3Zr1_hexagonal--nm--gga-relax,Ca1S3Zr1,hexagonal,nm,gga-relax,True,20,489.2514876793074,-6.299778904,-6.299778904,1.2955,True
Ca1S3Zr1--Ca1S3Zr1_hexagonal--nm--gga-static,Ca1S3Zr1,hexagonal,nm,gga-static,True,20,489.2514876793074,-6.2997937035,-6.299778904,1.2955999999999999,True
Ca1S3Zr1--Ca1S3Zr1_needle--nm--gga-relax,Ca1S3Zr1,needle,nm,gga-relax,True,20,440.5487203771258,-6.315668108500001,-6.315668108500001,0.7050000000000001,True
Ca1S3Zr1--Ca1S3Zr1_needle--nm--gga-static,Ca1S3Zr1,needle,nm,gga-static,True,20,440.5487203771258,-6.3157043680000005,-6.315668108500001,0.7050000000000001,True
Cd1Ge1S3--Cd1Ge1S3_dist_perovskite--nm--gga-relax,Cd1Ge1S3,dist_perovskite,nm,gga-relax,True,20,490.36086826876766,-3.900426925,-3.900426925,1.4021000000000003,True
Cd1Ge1S3--Cd1Ge1S3_dist_perovskite--nm--gga-static,Cd1Ge1S3,dist_perovskite,nm,gga-static,True,20,490.36086826876766,-3.9055085855000002,-3.900426925,1.4024,True
Cd1Ge1S3--Cd1Ge1S3_hexagonal--nm--gga-relax,Cd1Ge1S3,hexagonal,nm,gga-relax,True,20,521.019741223284,-3.887530578,-3.887530578,1.3630999999999998,True
Cd1Ge1S3--Cd1Ge1S3_hexagonal--nm--gga-static,Cd1Ge1S3,hexagonal,nm,gga-static,True,20,521.019741223284,-3.8951687694999997,-3.887530578,1.3639999999999999,True
Cd1Ge1S3--Cd1Ge1S3_needle--nm--gga-relax,Cd1Ge1S3,needle,nm,gga-relax,True,20,419.28733958116993,-3.771193342,-3.771193342,0.1748999999999996,True
Cd1Ge1S3--Cd1Ge1S3_needle--nm--gga-static,Cd1Ge1S3,needle,nm,gga-static,True,20,419.28733958116993,-3.7735867384999997,-3.771193342,0.17469999999999963,True
Cd1Hf1S3--Cd1Hf1S3_dist_perovskite--nm--gga-relax,Cd1Hf1S3,dist_perovskite,nm,gga-relax,True,20,430.4350071948067,-5.6649043589999994,-5.6649043589999994,1.3075000000000006,True
Cd1Hf1S3--Cd1Hf1S3_dist_perovskite--nm--gga-static,Cd1Hf1S3,dist_perovskite,nm,gga-static,True,20,430.4350071948067,-5.6649910165,-5.6649043589999994,1.3074,True
Cd1Hf1S3--Cd1Hf1S3_hexagonal--nm--gga-relax,Cd1Hf1S3,hexagonal,nm,gga-relax,True,20,476.72590511992587,-5.648690171,-5.648690171,1.6246,True
Cd1Hf1S3--Cd1Hf1S3_hexagonal--nm--gga-static,Cd1Hf1S3,hexagonal,nm,gga-static,True,20,476.72590511992587,-5.6487387065,-5.648690171,1.6244999999999998,True
Cd1Hf1S3--Cd1Hf1S3_needle--nm--gga-relax,Cd1Hf1S3,needle,nm,gga-relax,True,20,441.91007134514564,-5.6797045075,-5.6797045075,1.1332,False
Cd1Hf1S3--Cd1Hf1S3_needle--nm--gga-static,Cd1Hf1S3,needle,nm,gga-static,True,20,441.91007134514564,-5.679797584,-5.6797045075,1.1332,False
Cd1Nb1S3--Cd1Nb1S3_dist_perovskite--fm--gga-relax,Cd1Nb1S3,dist_perovskite,fm,gga-relax,True,20,406.2711963432692,-5.2655480975,-5.2655480975,0.0041999999999999815,False
Cd1Nb1S3--Cd1Nb1S3_dist_perovskite--fm--gga-static,Cd1Nb1S3,dist_perovskite,fm,gga-static,True,20,406.2711963432692,-5.2637025275,-5.2655480975,0,False
Cd1Nb1S3--Cd1Nb1S3_hexagonal--fm--gga-relax,Cd1Nb1S3,hexagonal,fm,gga-relax,True,20,446.6136257375393,-5.274884049500001,-5.274884049500001,0.3120000000000003,False
Cd1Nb1S3--Cd1Nb1S3_hexagonal--fm--gga-static,Cd1Nb1S3,hexagonal,fm,gga-static,True,20,446.6136257375393,-5.2749460545,-5.274884049500001,0.3118000000000003,False
Cd1Nb1S3--Cd1Nb1S3_needle--fm--gga-relax,Cd1Nb1S3,needle,fm,gga-relax,True,20,435.69359726175094,-5.3049218080000005,-5.3049218080000005,0.010400000000000187,False
Cd1Nb1S3--Cd1Nb1S3_needle--fm--gga-static,Cd1Nb1S3,needle,fm,gga-static,True,20,435.69359726175094,-5.3060812595,-5.3049218080000005,0.01059999999999972,False
Cd1Pb1S3--Cd1Pb1S3_dist_perovskite--nm--gga-relax,Cd1Pb1S3,dist_perovskite,nm,gga-relax,True,20,557.5541219097421,-3.6740265645,-3.6740265645,1.1159,False
Cd1Pb1S3--Cd1Pb1S3_dist_perovskite--nm--gga-static,Cd1Pb1S3,dist_perovskite,nm,gga-static,True,20,557.5541219097421,-3.67402673,-3.6740265645,1.1159,False
Cd1Pb1S3--Cd1Pb1S3_hexagonal--nm--gga-relax,Cd1Pb1S3,hexagonal,nm,gga-relax,True,20,554.6402006769621,-3.307797132,-3.307797132,0.007399999999999629,False
Cd1Pb1S3--Cd1Pb1S3_hexagonal--nm--gga-static,Cd1Pb1S3,hexagonal,nm,gga-static,True,20,554.6402006769621,-3.2907868825,-3.307797132,0,False
Cd1Pb1S3--Cd1Pb1S3_needle--nm--gga-relax,Cd1Pb1S3,needle,nm,gga-relax,True,20,541.3757668788912,-3.4914053455,-3.4914053455,0.12110000000000021,False
Cd1Pb1S3--Cd1Pb1S3_needle--nm--gga-static,Cd1Pb1S3,needle,nm,gga-static,True,20,541.3757668788912,-3.4930504905,-3.4914053455,0.12110000000000021,False
Cd1S3Si1--Cd1S3Si1_dist_perovskite--nm--gga-relax,Cd1S3Si1,dist_perovskite,nm,gga-relax,True,20,366.62360418166486,-4.011552081,-4.011552081,0.4678999999999993,True
Cd1S3Si1--Cd1S3Si1_dist_perovskite--nm--gga-static,Cd1S3Si1,dist_perovskite,nm,gga-static,True,20,366.62360418166486,-4.0116466520000005,-4.011552081,0.4678999999999993,True
Cd1S3Si1--Cd1S3Si1_hexagonal--nm--gga-relax,Cd1S3Si1,hexagonal,nm,gga-relax,True,20,521.3339715766784,-4.276732532,-4.276732532,2.0018,False
Cd1S3Si1--Cd1S3Si1_hexagonal--nm--gga-static,Cd1S3Si1,hexagonal,nm,gga-static,True,20,521.3339715766784,-4.2850870925,-4.276732532,2.0038,False
Cd1S3Si1--Cd1S3Si1_needle--nm--gga-relax,Cd1S3Si1,needle,nm,gga-relax,True,20,417.4514896346277,-4.1744160095,-4.1744160095,0.5781999999999998,True
Cd1S3Si1--Cd1S3Si1_needle--nm--gga-static,Cd1S3Si1,needle,nm,gga-static,True,20,417.4514896346277,-4.1745486175,-4.1744160095,0.5781999999999998,True
Cd1S3Sn1--Cd1S3Sn1_dist_perovskite--nm--gga-relax,Cd1S3Sn1,dist_perovskite,nm,gga-relax,True,20,445.28278297973776,-3.734619376,-3.734619376,0.5856000000000003,False
Cd1S3Sn1--Cd1S3Sn1_dist_perovskite--nm--gga-static,Cd1S3Sn1,dist_perovskite,nm,gga-static,True,20,445.28278297973776,-3.7347913765,-3.734619376,0.07369999999999965,False
Cd1S3Sn1--Cd1S3Sn1_hexagonal--nm--gga-relax,Cd1S3Sn1,hexagonal,nm,gga-relax,True,20,543.68302435717,-3.6647128440000003,-3.6647128440000003,1.3529999999999998,False
Cd1S3Sn1--Cd1S3Sn1_hexagonal--nm--gga-static,Cd1S3Sn1,hexagonal,nm,gga-static,True,20,543.68302435717,-3.6651134405,-3.6647128440000003,1.3531,False
Cd1S3Sn1--Cd1S3Sn1_needle--nm--gga-relax,Cd1S3Sn1,needle,nm,gga-relax,True,20,560.6477633658276,-3.7419896710000002,-3.7419896710000002,1.0893,False
Cd1S3Sn1--Cd1S3Sn1_needle--nm--gga-static,Cd1S3Sn1,needle,nm,gga-static,True,20,560.6477633658276,-3.7433601750000003,-3.7419896710000002,1.0890999999999997,False
Cd1S3Ti1--Cd1S3Ti1_dist_perovskite--fm--gga-relax,Cd1S3Ti1,dist_perovskite,fm,gga-relax,True,20,395.0636980723372,-5.045807542,-5.045807542,0.7034999999999996,False
Cd1S3Ti1--Cd1S3Ti1_dist_perovskite--fm--gga-static,Cd1S3Ti1,dist_perovskite,fm,gga-static,True,20,395.0636980723372,-5.0459233615,-5.045807542,0.7034999999999996,False
Cd1S3Ti1--Cd1S3Ti1_hexagonal--fm--gga-relax,Cd1S3Ti1,hexagonal,fm,gga-relax,True,20,428.95511503381834,-5.0321756985,-5.0321756985,0.6838000000000002,True
Cd1S3Ti1--Cd1S3Ti1_hexagonal--fm--gga-static,Cd1S3Ti1,hexagonal,fm,gga-static,True,20,428.95511503381834,-5.032346982,-5.0321756985,0.6835999999999998,True
Cd1S3Ti1--Cd1S3Ti1_needle--fm--gga-relax,Cd1S3Ti1,needle,fm,gga-relax,True,20,407.9056731032437,-5.060351433999999,-5.060351433999999,0.544,False
Cd1S3Ti1--Cd1S3Ti1_needle--fm--gga-static,Cd1S3Ti1,needle,fm,gga-static,True,20,407.9056731032437,-5.060426763000001,-5.060351433999999,0.544,False
Cd1S3V1--Cd1S3V1_dist_perovskite--fm--gga-relax,Cd1S3V1,dist_perovskite,fm,gga-relax,True,20,377.42986278939264,-4.9714878055,-4.9714878055,0.013200000000000323,False
Cd1S3V1--Cd1S3V1_dist_perovskite--fm--gga-static,Cd1S3V1,dist_perovskite,fm,gga-static,True,20,377.42986278939264,-4.971541051,-4.9714878055,0.013200000000000323,False
Cd1S3V1--Cd1S3V1_hexagonal--fm--gga-relax,Cd1S3V1,hexagonal,fm,gga-relax,True,20,401.1950103047051,-4.9750171685,-4.9750171685,0.009400000000000297,False
Cd1S3V1--Cd1S3V1_hexagonal--fm--gga-static,Cd1S3V1,hexagonal,fm,gga-static,True,20,401.1950103047051,-4.9751609205000005,-4.9750171685,0,False
Cd1S3V1--Cd1S3V1_needle--fm--gga-relax,Cd1S3V1,needle,fm,gga-relax,True,20,391.3806245277433,-4.9976408095,-4.9976408095,0.005799999999999805,False
Cd1S3V1--Cd1S3V1_needle--fm--gga-static,Cd1S3V1,needle,fm,gga-static,True,20,391.3806245277433,-5.0010204645,-4.9976408095,0,False
Cd1S3Zr1--Cd1S3Zr1_dist_perovskite--nm--gga-relax,Cd1S3Zr1,dist_perovskite,nm,gga-relax,True,20,439.15992583426373,-5.3707926514999995,-5.3707926514999995,0.9716999999999993,True
Cd1S3Zr1--Cd1S3Zr1_dist_perovskite--nm--gga-static,Cd1S3Zr1,dist_perovskite,nm,gga-static,True,20,439.15992583426373,-5.3708701515,-5.3707926514999995,0.9715999999999996,True
Cd1S3Zr1--Cd1S3Zr1_hexagonal--nm--gga-relax,Cd1S3Zr1,hexagonal,nm,gga-relax,True,20,473.88915004361064,-5.3697146165,-5.3697146165,1.4717000000000002,False
Cd1S3Zr1--Cd1S3Zr1_hexagonal--nm--gga-static,Cd1S3Zr1,hexagonal,nm,gga-static,True,20,473.88915004361064,-5.369607996,-5.3697146165,1.4718000000000004,False
Cd1S3Zr1--Cd1S3Zr1_needle--nm--gga-relax,Cd1S3Zr1,needle,nm,gga-relax,True,20,447.42229403364104,-5.3927795275,-5.3927795275,0.9916000000000005,False
Cd1S3Zr1--Cd1S3Zr1_needle--nm--gga-static,Cd1S3Zr1,needle,nm,gga-static,True,20,447.42229403364104,-5.3928613445,-5.3927795275,0.9916000000000005,False
Cu1Ge1S3--Cu1Ge1S3_dist_perovskite--fm--gga-relax,Cu1Ge1S3,dist_perovskite,fm,gga-relax,True,20,373.11448198515916,-4.1752328599999995,-4.1752328599999995,0.022299999999999542,False
Cu1Ge1S3--Cu1Ge1S3_dist_perovskite--fm--gga-static,Cu1Ge1S3,dist_perovskite,fm,gga-static,True,20,373.11448198515916,-4.178764965,-4.1752328599999995,0.02210000000000001,False
Cu1Ge1S3--Cu1Ge1S3_hexagonal--fm--gga-relax,Cu1Ge1S3,hexagonal,fm,gga-relax,True,20,439.71716172485185,-4.2203586795,-4.2203586795,0.04129999999999967,False
Cu1Ge1S3--Cu1Ge1S3_hexagonal--fm--gga-static,Cu1Ge1S3,hexagonal,fm,gga-static,True,20,439.71716172485185,-4.2214248085,-4.2203586795,0.03500000000000014,False
Cu1Ge1S3--Cu1Ge1S3_needle--fm--gga-relax,Cu1Ge1S3,needle,fm,gga-relax,True,20,467.6712287940889,-4.318508122,-4.318508122,0.07869999999999999,False
Cu1Ge1S3--Cu1Ge1S3_needle--fm--gga-static,Cu1Ge1S3,needle,fm,gga-static,True,20,467.6712287940889,-4.324231633,-4.318508122,0.01750000000000007,False
Cu1Hf1S3--Cu1Hf1S3_dist_perovskite--fm--gga-relax,Cu1Hf1S3,dist_perovskite,fm,gga-relax,True,20,383.8269696757539,-6.0269679675,-6.0269679675,0.0032000000000005357,False
Cu1Hf1S3--Cu1Hf1S3_dist_perovskite--fm--gga-static,Cu1Hf1S3,dist_perovskite,fm,gga-static,True,20,383.8269696757539,-6.027841102,-6.0269679675,0,False
Cu1Hf1S3--Cu1Hf1S3_hexagonal--fm--gga-relax,Cu1Hf1S3,hexagonal,fm,gga-relax,True,20,458.32593462949643,-6.0214975435,-6.0214975435,0.0043000000000001926,False
Cu1Hf1S3--Cu1Hf1S3_hexagonal--fm--gga-static,Cu1Hf1S3,hexagonal,fm,gga-static,True,20,458.32593462949643,-6.022490991,-6.0214975435,0,False
Cu1Hf1S3--Cu1Hf1S3_needle--fm--gga-relax,Cu1Hf1S3,needle,fm,gga-relax,True,20,373.75975726056527,-6.1265969525,-6.1265969525,0.007399999999999629,False
Cu1Hf1S3--Cu1Hf1S3_needle--fm--gga-static,Cu1Hf1S3,needle,fm,gga-static,True,20,373.75975726056527,-6.127539618,-6.1265969525,0,False
Cu1Nb1S3--Cu1Nb1S3_dist_perovskite--fm--gga-relax,Cu1Nb1S3,dist_perovskite,fm,gga-relax,True,20,363.9592332482907,-5.754372128,-5.754372128,0.005700000000000038,False
Cu1Nb1S3--Cu1Nb1S3_dist_perovskite--fm--gga-static,Cu1Nb1S3,dist_perovskite,fm,gga-static,True,20,363.9592332482907,-5.7539553715,-5.754372128,0,False
Cu1Nb1S3--Cu1Nb1S3_hexagonal--fm--gga-relax,Cu1Nb1S3,hexagonal,fm,gga-relax,True,20,398.2101090818506,-5.8129606565000005,-5.8129606565000005,0.4333,False
Cu1Nb1S3--Cu1Nb1S3_hexagonal--fm--gga-static,Cu1Nb1S3,hexagonal,fm,gga-static,True,20,398.2101090818506,-5.809184337,-5.8129606565000005,0.4331999999999998,False
Cu1Nb1S3--Cu1Nb1S3_needle--fm--gga-relax,Cu1Nb1S3,needle,fm,gga-relax,True,20,445.672563223079,-5.8462310265,-5.8462310265,0.03710000000000013,False
Cu1Nb1S3--Cu1Nb1S3_needle--fm--gga-static,Cu1Nb1S3,needle,fm,gga-static,True,20,445.672563223079,-5.847171672,-5.8462310265,0.03710000000000013,False
Cu1Pb1S3--Cu1Pb1S3_dist_perovskite--fm--gga-relax,Cu1Pb1S3,dist_perovskite,fm,gga-relax,True,20,470.3424191093277,-4.071762912,-4.071762912,0.006300000000000416,False
Cu1Pb1S3--Cu1Pb1S3_dist_perovskite--fm--gga-static,Cu1Pb1S3,dist_perovskite,fm,gga-static,True,20,470.3424191093277,-4.072392636,-4.071762912,0,False
Cu1Pb1S3--Cu1Pb1S3_hexagonal--fm--gga-relax,Cu1Pb1S3,hexagonal,fm,gga-relax,True,20,499.58393657199895,-4.09020145,-4.09020145,0.10150000000000015,False
Cu1Pb1S3--Cu1Pb1S3_hexagonal--fm--gga-static,Cu1Pb1S3,hexagonal,fm,gga-static,True,20,499.58393657199895,-4.0915136855,-4.09020145,0.09909999999999997,False
Cu1Pb1S3--Cu1Pb1S3_needle--fm--gga-relax,Cu1Pb1S3,needle,fm,gga-relax,True,20,495.14754839545003,-4.078938769500001,-4.078938769500001,0.03379999999999983,False
Cu1Pb1S3--Cu1Pb1S3_needle--fm--gga-static,Cu1Pb1S3,needle,fm,gga-static,True,20,495.14754839545003,-4.080440167,-4.078938769500001,0.03369999999999962,False
Cu1S3Si1--Cu1S3Si1_dist_perovskite--fm--gga-relax,Cu1S3Si1,dist_perovskite,fm,gga-relax,True,20,361.03938143320653,-4.4872171245,-4.4872171245,0.026699999999999946,False
Cu1S3Si1--Cu1S3Si1_dist_perovskite--fm--gga-static,Cu1S3Si1,dist_perovskite,fm,gga-static,True,20,361.03938143320653,-4.4915124165,-4.4872171245,0.02540000000000031,False
Cu1S3Si1--Cu1S3Si1_hexagonal--fm--gga-relax,Cu1S3Si1,hexagonal,fm,gga-relax,True,20,348.9046170432696,-4.5327228564999995,-4.5327228564999995,0.00649999999999995,False
Cu1S3Si1--Cu1S3Si1_hexagonal--fm--gga-static,Cu1S3Si1,hexagonal,fm,gga-static,True,20,348.9046170432696,-4.531669212,-4.5327228564999995,0,False
Cu1S3Si1--Cu1S3Si1_needle--fm--gga-relax,Cu1S3Si1,needle,fm,gga-relax,True,20,432.25389414365253,-4.6065298555,-4.6065298555,0.014000000000000234,False
Cu1S3Si1--Cu1S3Si1_needle--fm--gga-static,Cu1S3Si1,needle,fm,gga-static,True,20,432.25389414365253,-4.609653913,-4.6065298555,0.01440000000000019,False
Cu1S3Sn1--Cu1S3Sn1_dist_perovskite--fm--gga-relax,Cu1S3Sn1,dist_perovskite,fm,gga-relax,True,20,404.7222883531078,-4.0811365785,-4.0811365785,0.005700000000000038,False
Cu1S3Sn1--Cu1S3Sn1_dist_perovskite--fm--gga-static,Cu1S3Sn1,dist_perovskite,fm,gga-static,True,20,404.7222883531078,-4.082407324,-4.0811365785,0,False
Cu1S3Sn1--Cu1S3Sn1_hexagonal--fm--gga-relax,Cu1S3Sn1,hexagonal,fm,gga-relax,True,20,492.63540458326844,-4.096830107000001,-4.096830107000001,0.008599999999999941,False
Cu1S3Sn1--Cu1S3Sn1_hexagonal--fm--gga-static,Cu1S3Sn1,hexagonal,fm,gga-static,True,20,493.1531612736472,-4.0967116064999995,-4.096830107000001,0.05339999999999989,False
Cu1S3Sn1--Cu1S3Sn1_needle--fm--gga-relax,Cu1S3Sn1,needle,fm,gga-relax,True,20,465.2702284398369,-4.155172486,-4.155172486,0.04430000000000023,False
Cu1S3Sn1--Cu1S3Sn1_needle--fm--gga-static,Cu1S3Sn1,needle,fm,gga-static,True,20,465.2702284398369,-4.157046981,-4.155172486,0.04430000000000023,False
Cu1S3Ti1--Cu1S3Ti1_dist_perovskite--fm--gga-relax,Cu1S3Ti1,dist_perovskite,fm,gga-relax,True,20,350.304090044404,-5.4495536105,-5.4495536105,0.03249999999999975,False
Cu1S3Ti1--Cu1S3Ti1_dist_perovskite--fm--gga-static,Cu1S3Ti1,dist_perovskite,fm,gga-static,True,20,350.304090044404,-5.4500753369999995,-5.4495536105,0.032600000000000406,False
Cu1S3Ti1--Cu1S3Ti1_hexagonal--fm--gga-relax,Cu1S3Ti1,hexagonal,fm,gga-relax,True,20,396.78533067400457,-5.4350719935,-5.4350719935,0.005000000000000782,False
Cu1S3Ti1--Cu1S3Ti1_hexagonal--fm--gga-static,Cu1S3Ti1,hexagonal,fm,gga-static,True,20,396.78533067400457,-5.43547328,-5.4350719935,0,False
Cu1S3Ti1--Cu1S3Ti1_needle--fm--gga-relax,Cu1S3Ti1,needle,fm,gga-relax,True,20,408.3961102196791,-5.542178891,-5.542178891,0.024099999999999788,False
Cu1S3Ti1--Cu1S3Ti1_needle--fm--gga-static,Cu1S3Ti1,needle,fm,gga-static,True,20,408.3961102196791,-5.545157551,-5.542178891,0.024099999999999788,False
Cu1S3V1--Cu1S3V1_dist_perovskite--fm--gga-relax,Cu1S3V1,dist_perovskite,fm,gga-relax,True,20,324.1368075403688,-5.448000548,-5.448000548,0.0034999999999998366,False
Cu1S3V1--Cu1S3V1_dist_perovskite--fm--gga-static,Cu1S3V1,dist_perovskite,fm,gga-static,True,20,324.1368075403688,-5.4478673625,-5.448000548,0,False
Cu1S3V1--Cu1S3V1_hexagonal--fm--gga-relax,Cu1S3V1,hexagonal,fm,gga-relax,True,20,369.1968242860477,-5.4708501645,-5.4708501645,0.0026999999999999247,False
Cu1S3V1--Cu1S3V1_hexagonal--fm--gga-static,Cu1S3V1,hexagonal,fm,gga-static,True,20,369.1968242860477,-5.4703962365,-5.4708501645,0,False
Cu1S3V1--Cu1S3V1_needle--fm--gga-relax,Cu1S3V1,needle,fm,gga-relax,True,20,399.6797237007571,-5.497999117,-5.497999117,0.047800000000000065,False
Cu1S3V1--Cu1S3V1_needle--fm--gga-static,Cu1S3V1,needle,fm,gga-static,True,20,399.6797237007571,-5.499001808,-5.497999117,0.04789999999999983,False
Cu1S3Zr1--Cu1S3Zr1_dist_perovskite--fm--gga-relax,Cu1S3Zr1,dist_perovskite,fm,gga-relax,True,20,390.5842872043693,-5.7347367105,-5.7347367105,0.05289999999999928,False
Cu1S3Zr1--Cu1S3Zr1_dist_perovskite--fm--gga-static,Cu1S3Zr1,dist_perovskite,fm,gga-static,True,20,390.5842872043693,-5.7352145825,-5.7347367105,0.052999999999999936,False
Cu1S3Zr1--Cu1S3Zr1_hexagonal--fm--gga-relax,Cu1S3Zr1,hexagonal,fm,gga-relax,True,20,430.04594634667046,-5.7667587065,-5.7667587065,0.005599999999999383,False
Cu1S3Zr1--Cu1S3Zr1_hexagonal--fm--gga-static,Cu1S3Zr1,hexagonal,fm,gga-static,True,20,430.04594634667046,-5.766242221000001,-5.7667587065,0,False
Cu1S3Zr1--Cu1S3Zr1_needle--fm--gga-relax,Cu1S3Zr1,needle,fm,gga-relax,True,20,379.2553987429423,-5.8535791495,-5.8535791495,0.020999999999999908,False
Cu1S3Zr1--Cu1S3Zr1_needle--fm--gga-static,Cu1S3Zr1,needle,fm,gga-static,True,20,379.2553987429423,-5.8540516685,-5.8535791495,0.021099999999999675,False
Ge1Mg1S3--Ge1Mg1S3_dist_perovskite--nm--gga-relax,Ge1Mg1S3,dist_perovskite,nm,gga-relax,True,20,439.11307260899747,-4.350773357,-4.350773357,1.6782999999999997,True
Ge1Mg1S3--Ge1Mg1S3_dist_perovskite--nm--gga-static,Ge1Mg1S3,dist_perovskite,nm,gga-static,True,20,439.11307260899747,-4.3857967835,-4.350773357,1.6791,True
Ge1Mg1S3--Ge1Mg1S3_hexagonal--nm--gga-relax,Ge1Mg1S3,hexagonal,nm,gga-relax,True,20,492.5495655073852,-4.327105378000001,-4.327105378000001,1.8593000000000002,True
Ge1Mg1S3--Ge1Mg1S3_hexagonal--nm--gga-static,Ge1Mg1S3,hexagonal,nm,gga-static,True,20,492.5495655073852,-4.335744557,-4.327105378000001,1.8595000000000002,True
Ge1Mg1S3--Ge1Mg1S3_needle--nm--gga-relax,Ge1Mg1S3,needle,nm,gga-relax,True,20,483.146833625667,-4.3000395395,-4.3000395395,1.9372999999999998,False
Ge1Mg1S3--Ge1Mg1S3_needle--nm--gga-static,Ge1Mg1S3,needle,nm,gga-static,True,20,483.146833625667,-4.3021498215000005,-4.3000395395,1.9373999999999998,False
Ge1Pb1S3--Ge1Pb1S3_dist_perovskite--nm--gga-relax,Ge1Pb1S3,dist_perovskite,nm,gga-relax,True,20,593.1810809735189,-4.4713099355,-4.4713099355,2.0612,False
Ge1Pb1S3--Ge1Pb1S3_dist_perovskite--nm--gga-static,Ge1Pb1S3,dist_perovskite,nm,gga-static,True,20,593.1810809735189,-4.4713217235,-4.4713099355,2.0612,False
Ge1Pb1S3--Ge1Pb1S3_hexagonal--nm--gga-relax,Ge1Pb1S3,hexagonal,nm,gga-relax,True,20,563.7138030639937,-4.4545181405,-4.4545181405,1.9002,False
Ge1Pb1S3--Ge1Pb1S3_hexagonal--nm--gga-static,Ge1Pb1S3,hexagonal,nm,gga-static,True,20,563.7138030639937,-4.4585675445,-4.4545181405,1.9003999999999999,False
Ge1Pb1S3--Ge1Pb1S3_needle--nm--gga-relax,Ge1Pb1S3,needle,nm,gga-relax,True,20,453.7425261261652,-4.3890883135,-4.3890883135,0.5594000000000001,False
Ge1Pb1S3--Ge1Pb1S3_needle--nm--gga-static,Ge1Pb1S3,needle,nm,gga-static,True,20,453.7425261261652,-4.3893430005,-4.3890883135,0.5594000000000001,False
Ge1S3Sn1--Ge1S3Sn1_dist_perovskite--nm--gga-relax,Ge1S3Sn1,dist_perovskite,nm,gga-relax,True,20,410.98002432404314,-4.3111977025,-4.3111977025,0.0118999999999998,False
Ge1S3Sn1--Ge1S3Sn1_dist_perovskite--nm--gga-static,Ge1S3Sn1,dist_perovskite,nm,gga-static,True,20,410.98002432404314,-4.3114017055,-4.3111977025,0.011700000000000266,False
Ge1S3Sn1--Ge1S3Sn1_hexagonal--nm--gga-relax,Ge1S3Sn1,hexagonal,nm,gga-relax,True,20,596.2122897107502,-4.433869237,-4.433869237,1.7109,False
Ge1S3Sn1--Ge1S3Sn1_hexagonal--nm--gga-static,Ge1S3Sn1,hexagonal,nm,gga-static,True,20,596.2122897107502,-4.4403306835,-4.433869237,1.7197,False
Ge1S3Sn1--Ge1S3Sn1_needle--nm--gga-relax,Ge1S3Sn1,needle,nm,gga-relax,True,20,456.51992351503134,-4.419502704,-4.419502704,0.2843,False
Ge1S3Sn1--Ge1S3Sn1_needle--nm--gga-static,Ge1S3Sn1,needle,nm,gga-static,True,20,456.51992351503134,-4.4196404255,-4.419502704,0.2843,False
Ge1S3Sr1--Ge1S3Sr1_dist_perovskite--nm--gga-relax,Ge1S3Sr1,dist_perovskite,nm,gga-relax,True,20,543.4728119265848,-4.7301390445000004,-4.7301390445000004,1.8072,False
Ge1S3Sr1--Ge1S3Sr1_dist_perovskite--nm--gga-static,Ge1S3Sr1,dist_perovskite,nm,gga-static,True,20,543.4728119265848,-4.730056242,-4.7301390445000004,1.8072000000000004,False
Ge1S3Sr1--Ge1S3Sr1_hexagonal--nm--gga-relax,Ge1S3Sr1,hexagonal,nm,gga-relax,True,20,555.8963826483141,-4.7497339355,-4.7497339355,1.8378999999999999,True
Ge1S3Sr1--Ge1S3Sr1_hexagonal--nm--gga-static,Ge1S3Sr1,hexagonal,nm,gga-static,True,20,555.8963826483141,-4.7503651865,-4.7497339355,1.8378999999999999,True
Ge1S3Sr1--Ge1S3Sr1_needle--nm--gga-relax,Ge1S3Sr1,needle,nm,gga-relax,True,20,428.3464635186532,-4.649798683,-4.649798683,0.351,False
Ge1S3Sr1--Ge1S3Sr1_needle--nm--gga-static,Ge1S3Sr1,needle,nm,gga-static,True,20,428.3464635186532,-4.6499113780000005,-4.649798683,0.35110000000000063,False
Ge1S3Zn1--Ge1S3Zn1_dist_perovskite--nm--gga-relax,Ge1S3Zn1,dist_perovskite,nm,gga-relax,True,20,450.8737576080631,-4.021638515,-4.021638515,1.6026000000000002,True
Ge1S3Zn1--Ge1S3Zn1_dist_perovskite--nm--gga-static,Ge1S3Zn1,dist_perovskite,nm,gga-static,True,20,450.8737576080631,-4.024780059999999,-4.021638515,1.6028000000000002,True
Ge1S3Zn1--Ge1S3Zn1_hexagonal--nm--gga-relax,Ge1S3Zn1,hexagonal,nm,gga-relax,True,20,469.1411090876226,-3.9748670840000004,-3.9748670840000004,1.335,True
Ge1S3Zn1--Ge1S3Zn1_hexagonal--nm--gga-static,Ge1S3Zn1,hexagonal,nm,gga-static,True,20,469.1411090876226,-3.9791545194999998,-3.9748670840000004,1.3354000000000004,True
Ge1S3Zn1--Ge1S3Zn1_needle--nm--gga-relax,Ge1S3Zn1,needle,nm,gga-relax,True,20,525.6433100120012,-4.01209326,-4.01209326,1.0100000000000002,True
Ge1S3Zn1--Ge1S3Zn1_needle--nm--gga-static,Ge1S3Zn1,needle,nm,gga-static,True,20,525.6433100120012,-4.015582307,-4.01209326,1.0104,True
Hf1Mg1S3--Hf1Mg1S3_dist_perovskite--nm--gga-relax,Hf1Mg1S3,dist_perovskite,nm,gga-relax,True,20,405.2092407288315,-6.1592590185,-6.1592590185,1.4202000000000004,True
Hf1Mg1S3--Hf1Mg1S3_dist_perovskite--nm--gga-static,Hf1Mg1S3,dist_perovskite,nm,gga-static,True,20,405.2092407288315,-6.1593383325,-6.1592590185,1.4202000000000004,True
Hf1Mg1S3--Hf1Mg1S3_hexagonal--nm--gga-relax,Hf1Mg1S3,hexagonal,nm,gga-relax,True,20,430.2979737678564,-6.217912433,-6.217912433,1.6927999999999996,True
Hf1Mg1S3--Hf1Mg1S3_hexagonal--nm--gga-static,Hf1Mg1S3,hexagonal,nm,gga-static,True,20,430.2979737678564,-6.2169409815000005,-6.217912433,1.6927000000000003,True
Hf1Mg1S3--Hf1Mg1S3_needle--nm--gga-relax,Hf1Mg1S3,needle,nm,gga-relax,True,20,417.83537236149573,-6.189251733,-6.189251733,0.8821999999999997,False
Hf1Mg1S3--Hf1Mg1S3_needle--nm--gga-static,Hf1Mg1S3,needle,nm,gga-static,True,20,417.83537236149573,-6.188926555,-6.189251733,0.8864999999999998,False
Hf1Pb1S3--Hf1Pb1S3_dist_perovskite--nm--gga-relax,Hf1Pb1S3,dist_perovskite,nm,gga-relax,True,20,465.7210350260127,-6.290266743,-6.290266743,1.0599999999999996,False
Hf1Pb1S3--Hf1Pb1S3_dist_perovskite--nm--gga-static,Hf1Pb1S3,dist_perovskite,nm,gga-static,True,20,465.7210350260127,-6.2903835785,-6.290266743,1.0599999999999996,False
Hf1Pb1S3--Hf1Pb1S3_hexagonal--nm--gga-relax,Hf1Pb1S3,hexagonal,nm,gga-relax,True,20,508.5361214364224,-6.2805543135,-6.2805543135,1.3621000000000003,False
Hf1Pb1S3--Hf1Pb1S3_hexagonal--nm--gga-static,Hf1Pb1S3,hexagonal,nm,gga-static,True,20,508.5361214364224,-6.2809658355,-6.2805543135,1.3619999999999997,False
Hf1Pb1S3--Hf1Pb1S3_needle--nm--gga-relax,Hf1Pb1S3,needle,nm,gga-relax,True,20,495.52010644139966,-6.334449085499999,-6.334449085499999,1.4832999999999998,False
Hf1Pb1S3--Hf1Pb1S3_needle--nm--gga-static,Hf1Pb1S3,needle,nm,gga-static,True,20,495.52010644139966,-6.334658913,-6.334449085499999,1.4833000000000003,False
Hf1S3Sn1--Hf1S3Sn1_dist_perovskite--nm--gga-relax,Hf1S3Sn1,dist_perovskite,nm,gga-relax,True,20,452.3008227581763,-6.277521924,-6.277521924,0.7547000000000006,False
Hf1S3Sn1--Hf1S3Sn1_dist_perovskite--nm--gga-static,Hf1S3Sn1,dist_perovskite,nm,gga-static,True,20,452.3008227581763,-6.2776266849999995,-6.277521924,0.7548000000000004,False
Hf1S3Sn1--Hf1S3Sn1_hexagonal--nm--gga-relax,Hf1S3Sn1,hexagonal,nm,gga-relax,True,20,509.57241770447365,-6.254986941,-6.254986941,1.1801000000000004,False
Hf1S3Sn1--Hf1S3Sn1_hexagonal--nm--gga-static,Hf1S3Sn1,hexagonal,nm,gga-static,True,20,509.57241770447365,-6.2554963945,-6.254986941,1.1802000000000001,False
Hf1S3Sn1--Hf1S3Sn1_needle--nm--gga-relax,Hf1S3Sn1,needle,nm,gga-relax,True,20,502.5392079713238,-6.367483737500001,-6.367483737500001,1.2061999999999995,False
Hf1S3Sn1--Hf1S3Sn1_needle--nm--gga-static,Hf1S3Sn1,needle,nm,gga-static,True,20,502.5392079713238,-6.3676618405,-6.367483737500001,1.2063999999999995,False
Hf1S3Sr1--Hf1S3Sr1_dist_perovskite--nm--gga-relax,Hf1S3Sr1,dist_perovskite,nm,gga-relax,True,20,469.42055322733063,-6.6043552435,-6.6043552435,1.5015000000000005,True
Hf1S3Sr1--Hf1S3Sr1_dist_perovskite--nm--gga-static,Hf1S3Sr1,dist_perovskite,nm,gga-static,True,20,469.42055322733063,-6.604423280000001,-6.6043552435,1.5015,True
Hf1S3Sr1--Hf1S3Sr1_hexagonal--nm--gga-relax,Hf1S3Sr1,hexagonal,nm,gga-relax,True,20,495.2713304085199,-6.5590843085,-6.5590843085,1.3719999999999999,True
Hf1S3Sr1--Hf1S3Sr1_hexagonal--nm--gga-static,Hf1S3Sr1,hexagonal,nm,gga-static,True,20,495.2713304085199,-6.5592009099999995,-6.5590843085,1.3719999999999999,True
Hf1S3Sr1--Hf1S3Sr1_needle--nm--gga-relax,Hf1S3Sr1,needle,nm,gga-relax,True,20,459.12101948650155,-6.606064073000001,-6.606064073000001,0.7155999999999998,True
Hf1S3Sr1--Hf1S3Sr1_needle--nm--gga-static,Hf1S3Sr1,needle,nm,gga-static,True,20,459.12101948650155,-6.606117095499999,-6.606064073000001,0.7155999999999998,True
Hf1S3Zn1--Hf1S3Zn1_dist_perovskite--nm--gga-relax,Hf1S3Zn1,dist_perovskite,nm,gga-relax,True,20,401.8167484311776,-5.7365999285000004,-5.7365999285000004,0.7900999999999998,False
Hf1S3Zn1--Hf1S3Zn1_dist_perovskite--nm--gga-static,Hf1S3Zn1,dist_perovskite,nm,gga-static,True,20,401.8167484311776,-5.736689521000001,-5.7365999285000004,0.7900999999999998,False
Hf1S3Zn1--Hf1S3Zn1_hexagonal--nm--gga-relax,Hf1S3Zn1,hexagonal,nm,gga-relax,True,20,453.5775436651104,-5.747265623500001,-5.747265623500001,1.3792,True
Hf1S3Zn1--Hf1S3Zn1_hexagonal--nm--gga-static,Hf1S3Zn1,hexagonal,nm,gga-static,True,20,453.5775436651104,-5.747182482,-5.747265623500001,1.3790999999999998,True
Hf1S3Zn1--Hf1S3Zn1_needle--nm--gga-relax,Hf1S3Zn1,needle,nm,gga-relax,True,20,507.46029084375544,-5.807669156,-5.807669156,2.157,False
Hf1S3Zn1--Hf1S3Zn1_needle--nm--gga-static,Hf1S3Zn1,needle,nm,gga-static,True,20,507.46029084375544,-5.80786014,-5.807669156,2.1583,True
Mg1Nb1S3--Mg1Nb1S3_dist_perovskite--fm--gga-relax,Mg1Nb1S3,dist_perovskite,fm,gga-relax,True,20,381.7831338721782,-5.7595602894999995,-5.7595602894999995,0.0032999999999994145,False
Mg1Nb1S3--Mg1Nb1S3_dist_perovskite--fm--gga-static,Mg1Nb1S3,dist_perovskite,fm,gga-static,True,20,381.7831338721782,-5.7589964895,-5.7595602894999995,0,False
Mg1Nb1S3--Mg1Nb1S3_hexagonal--fm--gga-relax,Mg1Nb1S3,hexagonal,fm,gga-relax,True,20,447.40735128253016,-5.7517228715,-5.7517228715,0.022299999999999986,False
Mg1Nb1S3--Mg1Nb1S3_hexagonal--fm--gga-static,Mg1Nb1S3,hexagonal,fm,gga-static,True,20,447.40735128253016,-5.752827476,-5.7517228715,0.02519999999999989,False
Mg1Nb1S3--Mg1Nb1S3_needle--fm--gga-relax,Mg1Nb1S3,needle,fm,gga-relax,True,20,438.983539884711,-5.7842194265,-5.7842194265,0.03929999999999989,False
Mg1Nb1S3--Mg1Nb1S3_needle--fm--gga-static,Mg1Nb1S3,needle,fm,gga-static,True,20,438.983539884711,-5.784429214,-5.7842194265,0.039200000000000124,False
Mg1Pb1S3--Mg1Pb1S3_dist_perovskite--nm--gga-relax,Mg1Pb1S3,dist_perovskite,nm,gga-relax,True,20,446.0280302235318,-3.9948054875,-3.9948054875,0.5569999999999999,False
Mg1Pb1S3--Mg1Pb1S3_dist_perovskite--nm--gga-static,Mg1Pb1S3,dist_perovskite,nm,gga-static,True,20,446.0280302235318,-3.994748601,-3.9948054875,0.5569999999999999,False
Mg1Pb1S3--Mg1Pb1S3_hexagonal--nm--gga-relax,Mg1Pb1S3,hexagonal,nm,gga-relax,True,20,463.2009799203314,-3.9665899285000004,-3.9665899285000004,0.3140999999999998,True
Mg1Pb1S3--Mg1Pb1S3_hexagonal--nm--gga-static,Mg1Pb1S3,hexagonal,nm,gga-static,True,20,463.2009799203314,-3.966788699,-3.9665899285000004,0.31400000000000006,True
Mg1Pb1S3--Mg1Pb1S3_needle--nm--gga-relax,Mg1Pb1S3,needle,nm,gga-relax,True,20,456.730998641513,-3.933119613,-3.933119613,0.011500000000000288,False
Mg1Pb1S3--Mg1Pb1S3_needle--nm--gga-static,Mg1Pb1S3,needle,nm,gga-static,True,20,456.730998641513,-3.933292393,-3.933119613,0.011499999999999844,False
Mg1S3Si1--Mg1S3Si1_dist_perovskite--nm--gga-relax,Mg1S3Si1,dist_perovskite,nm,gga-relax,True,20,342.82807570492616,-4.535263319,-4.535263319,0.9229999999999992,False
Mg1S3Si1--Mg1S3Si1_dist_perovskite--nm--gga-static,Mg1S3Si1,dist_perovskite,nm,gga-static,True,20,342.82807570492616,-4.53537846,-4.535263319,0.9228999999999994,False
Mg1S3Si1--Mg1S3Si1_hexagonal--nm--gga-relax,Mg1S3Si1,hexagonal,nm,gga-relax,True,20,447.72480634491575,-4.6431238535,-4.6431238535,2.4839999999999995,False
Mg1S3Si1--Mg1S3Si1_hexagonal--nm--gga-static,Mg1S3Si1,hexagonal,nm,gga-static,True,20,447.72480634491575,-4.650924009500001,-4.6431238535,2.4827999999999997,False
Mg1S3Si1--Mg1S3Si1_needle--nm--gga-relax,Mg1S3Si1,needle,nm,gga-relax,True,20,410.3861552754514,-4.585327905,-4.585327905,1.0128999999999997,False
Mg1S3Si1--Mg1S3Si1_needle--nm--gga-static,Mg1S3Si1,needle,nm,gga-static,True,20,410.3861552754514,-4.585768058,-4.585327905,1.0129000000000001,False
Mg1S3Sn1--Mg1S3Sn1_dist_perovskite--nm--gga-relax,Mg1S3Sn1,dist_perovskite,nm,gga-relax,True,20,419.03361607175873,-4.2505654485,-4.2505654485,1.0838,False
Mg1S3Sn1--Mg1S3Sn1_dist_perovskite--nm--gga-static,Mg1S3Sn1,dist_perovskite,nm,gga-static,True,20,419.03361607175873,-4.2507052545,-4.2505654485,1.0838,False
Mg1S3Sn1--Mg1S3Sn1_hexagonal--nm--gga-relax,Mg1S3Sn1,hexagonal,nm,gga-relax,True,20,493.9057282312083,-4.1799223765,-4.1799223765,0.9849000000000001,True
Mg1S3Sn1--Mg1S3Sn1_hexagonal--nm--gga-static,Mg1S3Sn1,hexagonal,nm,gga-static,True,20,493.9057282312083,-4.1800559105,-4.1799223765,0.9848999999999997,True
Mg1S3Sn1--Mg1S3Sn1_needle--nm--gga-relax,Mg1S3Sn1,needle,nm,gga-relax,True,20,497.3035964781516,-4.223169002000001,-4.223169002000001,1.1734999999999998,False
Mg1S3Sn1--Mg1S3Sn1_needle--nm--gga-static,Mg1S3Sn1,needle,nm,gga-static,True,20,497.3035964781516,-4.223719964,-4.223169002000001,1.173,False
Mg1S3Ti1--Mg1S3Ti1_dist_perovskite--fm--gga-relax,Mg1S3Ti1,dist_perovskite,fm,gga-relax,True,20,366.50913848824064,-5.5529858679999995,-5.5529858679999995,0.3142000000000005,True
Mg1S3Ti1--Mg1S3Ti1_dist_perovskite--fm--gga-static,Mg1S3Ti1,dist_perovskite,fm,gga-static,True,20,366.50913848824064,-5.553063212,-5.5529858679999995,0.31349999999999945,True
Mg1S3Ti1--Mg1S3Ti1_hexagonal--fm--gga-relax,Mg1S3Ti1,hexagonal,fm,gga-relax,True,20,393.2828270879028,-5.58846347,-5.58846347,0.8757999999999999,True
Mg1S3Ti1--Mg1S3Ti1_hexagonal--fm--gga-static,Mg1S3Ti1,hexagonal,fm,gga-static,True,20,393.2828270879028,-5.5878266185,-5.58846347,0.8756999999999997,True
Mg1S3Ti1--Mg1S3Ti1_needle--fm--gga-relax,Mg1S3Ti1,needle,fm,gga-relax,True,20,382.60279391162817,-5.569256638000001,-5.569256638000001,0.0036999999999993705,False
Mg1S3Ti1--Mg1S3Ti1_needle--fm--gga-static,Mg1S3Ti1,needle,fm,gga-static,True,20,382.60279391162817,-5.5687998595,-5.569256638000001,0,False
Mg1S3V1--Mg1S3V1_dist_perovskite--fm--gga-relax,Mg1S3V1,dist_perovskite,fm,gga-relax,True,20,347.26548696786125,-5.4896368715,-5.4896368715,0.004400000000000404,False
Mg1S3V1--Mg1S3V1_dist_perovskite--fm--gga-static,Mg1S3V1,dist_perovskite,fm,gga-static,True,20,347.26548696786125,-5.4893804745,-5.4896368715,0,False
Mg1S3V1--Mg1S3V1_hexagonal--fm--gga-relax,Mg1S3V1,hexagonal,fm,gga-relax,True,20,379.83372156654076,-5.4278250665000005,-5.4278250665000005,0.0027999999999996916,False
Mg1S3V1--Mg1S3V1_hexagonal--fm--gga-static,Mg1S3V1,hexagonal,fm,gga-static,True,20,379.83372156654076,-5.427558941,-5.4278250665000005,0,False
Mg1S3V1--Mg1S3V1_needle--fm--gga-relax,Mg1S3V1,needle,fm,gga-relax,True,20,354.1986469948699,-5.4508171165,-5.4508171165,0.0018000000000002458,False
Mg1S3V1--Mg1S3V1_needle--fm--gga-static,Mg1S3V1,needle,fm,gga-static,True,20,354.1986469948699,-5.4506644710000005,-5.4508171165,0,False
Mg1S3Zr1--Mg1S3Zr1_dist_perovskite--nm--gga-relax,Mg1S3Zr1,dist_perovskite,nm,gga-relax,True,20,412.8743472733247,-5.8586233385,-5.8586233385,1.1164999999999994,True
Mg1S3Zr1--Mg1S3Zr1_dist_perovskite--nm--gga-static,Mg1S3Zr1,dist_perovskite,nm,gga-static,True,20,412.8743472733247,-5.858684676,-5.8586233385,1.1153000000000004,True
Mg1S3Zr1--Mg1S3Zr1_hexagonal--nm--gga-relax,Mg1S3Zr1,hexagonal,nm,gga-relax,True,20,441.9835327479692,-5.8220492870000005,-5.8220492870000005,1.3195000000000001,False
Mg1S3Zr1--Mg1S3Zr1_hexagonal--nm--gga-static,Mg1S3Zr1,hexagonal,nm,gga-static,True,20,441.9835327479692,-5.820844969,-5.8220492870000005,1.3028,False
Mg1S3Zr1--Mg1S3Zr1_needle--nm--gga-relax,Mg1S3Zr1,needle,nm,gga-relax,True,20,423.53568946103553,-5.8973485895,-5.8973485895,0.7496,False
Mg1S3Zr1--Mg1S3Zr1_needle--nm--gga-static,Mg1S3Zr1,needle,nm,gga-static,True,20,423.53568946103553,-5.8974323835,-5.8973485895,0.7495000000000003,False
Nb1Pb1S3--Nb1Pb1S3_dist_perovskite--fm--gga-relax,Nb1Pb1S3,dist_perovskite,fm,gga-relax,True,20,441.6344746864948,-5.8891563425,-5.8891563425,0.043400000000000105,False
Nb1Pb1S3--Nb1Pb1S3_dist_perovskite--fm--gga-static,Nb1Pb1S3,dist_perovskite,fm,gga-static,True,20,441.6344746864948,-5.8892353625,-5.8891563425,0.043400000000000105,False
Nb1Pb1S3--Nb1Pb1S3_hexagonal--fm--gga-relax,Nb1Pb1S3,hexagonal,fm,gga-relax,True,20,501.8486208725917,-5.888563448499999,-5.888563448499999,0.3338000000000001,False
Nb1Pb1S3--Nb1Pb1S3_hexagonal--fm--gga-static,Nb1Pb1S3,hexagonal,fm,gga-static,True,20,501.8486208725917,-5.889490422,-5.888563448499999,0.3338000000000001,False
Nb1Pb1S3--Nb1Pb1S3_needle--fm--gga-relax,Nb1Pb1S3,needle,fm,gga-relax,True,20,450.0143768840316,-5.938835844,-5.938835844,0.012100000000000222,False
Nb1Pb1S3--Nb1Pb1S3_needle--fm--gga-static,Nb1Pb1S3,needle,fm,gga-static,True,20,450.0143768840316,-5.9388721155,-5.938835844,0.011999999999999567,False
Nb1S3Sn1--Nb1S3Sn1_dist_perovskite--fm--gga-relax,Nb1S3Sn1,dist_perovskite,fm,gga-relax,True,20,427.20518958053964,-5.892071122,-5.892071122,0.009700000000000486,False
Nb1S3Sn1--Nb1S3Sn1_dist_perovskite--fm--gga-static,Nb1S3Sn1,dist_perovskite,fm,gga-static,True,20,427.20518958988976,-5.8936307935,-5.892071122,0,False
Nb1S3Sn1--Nb1S3Sn1_hexagonal--fm--gga-relax,Nb1S3Sn1,hexagonal,fm,gga-relax,True,20,501.5221843244714,-5.912372578,-5.912372578,0.3993000000000002,False
Nb1S3Sn1--Nb1S3Sn1_hexagonal--fm--gga-static,Nb1S3Sn1,hexagonal,fm,gga-static,True,20,501.5221843244714,-5.913314329,-5.912372578,0.3993000000000002,False
Nb1S3Sn1--Nb1S3Sn1_needle--fm--gga-relax,Nb1S3Sn1,needle,fm,gga-relax,True,20,454.1966699684243,-5.9895537845,-5.9895537845,0.010399999999999743,False
Nb1S3Sn1--Nb1S3Sn1_needle--fm--gga-static,Nb1S3Sn1,needle,fm,gga-static,True,20,454.1966699684243,-5.989616017,-5.9895537845,0.010400000000000631,False
Nb1S3Sr1--Nb1S3Sr1_dist_perovskite--fm--gga-relax,Nb1S3Sr1,dist_perovskite,fm,gga-relax,True,20,446.48613570883055,-6.1964298485,-6.1964298485,0.0012999999999996348,False
Nb1S3Sr1--Nb1S3Sr1_dist_perovskite--fm--gga-static,Nb1S3Sr1,dist_perovskite,fm,gga-static,True,20,446.48613570883055,-6.199602058,-6.1964298485,0,False
Nb1S3Sr1--Nb1S3Sr1_hexagonal--fm--gga-relax,Nb1S3Sr1,hexagonal,fm,gga-relax,True,20,465.75901132834207,-6.1985842695,-6.1985842695,0.06219999999999981,False
Nb1S3Sr1--Nb1S3Sr1_hexagonal--fm--gga-static,Nb1S3Sr1,hexagonal,fm,gga-static,True,20,465.75901132834207,-6.198692916000001,-6.1985842695,0.06219999999999981,False
Nb1S3Sr1--Nb1S3Sr1_needle--fm--gga-relax,Nb1S3Sr1,needle,fm,gga-relax,True,20,428.9599038104258,-6.1973001245,-6.1973001245,0.0041999999999999815,False
Nb1S3Sr1--Nb1S3Sr1_needle--fm--gga-static,Nb1S3Sr1,needle,fm,gga-static,True,20,428.9599038104258,-6.19737681,-6.1973001245,0,False
Nb1S3Zn1--Nb1S3Zn1_dist_perovskite--fm--gga-relax,Nb1S3Zn1,dist_perovskite,fm,gga-relax,True,20,383.7507525107187,-5.351962245,-5.351962245,0.00019999999999953388,False
Nb1S3Zn1--Nb1S3Zn1_dist_perovskite--fm--gga-static,Nb1S3Zn1,dist_perovskite,fm,gga-static,True,20,383.7507525107187,-5.3524000460000005,-5.351962245,0,False
Nb1S3Zn1--Nb1S3Zn1_hexagonal--fm--gga-relax,Nb1S3Zn1,hexagonal,fm,gga-relax,True,20,423.8503534154677,-5.341263858,-5.341263858,0.03310000000000013,False
Nb1S3Zn1--Nb1S3Zn1_hexagonal--fm--gga-static,Nb1S3Zn1,hexagonal,fm,gga-static,True,20,423.8503534154677,-5.3410146905,-5.341263858,0.033099999999999685,False
Nb1S3Zn1--Nb1S3Zn1_needle--fm--gga-relax,Nb1S3Zn1,needle,fm,gga-relax,True,20,453.06188519952383,-5.4613649015,-5.4613649015,0.017199999999999882,False
Nb1S3Zn1--Nb1S3Zn1_needle--fm--gga-static,Nb1S3Zn1,needle,fm,gga-static,True,20,453.06188519952383,-5.461453999,-5.4613649015,0.017100000000000115,False
Pb1S3Si1--Pb1S3Si1_dist_perovskite--nm--gga-relax,Pb1S3Si1,dist_perovskite,nm,gga-relax,True,20,505.3570860916893,-4.826738882,-4.826738882,1.8364000000000003,False
Pb1S3Si1--Pb1S3Si1_dist_perovskite--nm--gga-static,Pb1S3Si1,dist_perovskite,nm,gga-static,True,20,505.3570860916893,-4.8317763650000005,-4.826738882,1.7305000000000001,False
Pb1S3Si1--Pb1S3Si1_hexagonal--nm--gga-relax,Pb1S3Si1,hexagonal,nm,gga-relax,True,20,582.6116247075153,-4.864281386,-4.864281386,2.5614000000000003,False
Pb1S3Si1--Pb1S3Si1_hexagonal--nm--gga-static,Pb1S3Si1,hexagonal,nm,gga-static,True,20,582.6116247075153,-4.8643101605,-4.864281386,2.5614000000000003,False
Pb1S3Si1--Pb1S3Si1_needle--nm--gga-relax,Pb1S3Si1,needle,nm,gga-relax,True,20,429.0805698080973,-4.749141072,-4.749141072,1.0048000000000004,False
Pb1S3Si1--Pb1S3Si1_needle--nm--gga-static,Pb1S3Si1,needle,nm,gga-static,True,20,429.0805698080973,-4.7493306385,-4.749141072,1.0049000000000001,False
Pb1S3Sn1--Pb1S3Sn1_dist_perovskite--nm--gga-relax,Pb1S3Sn1,dist_perovskite,nm,gga-relax,True,20,570.6211447398705,-4.2046228375,-4.2046228375,0.3474999999999997,False
Pb1S3Sn1--Pb1S3Sn1_dist_perovskite--nm--gga-static,Pb1S3Sn1,dist_perovskite,nm,gga-static,True,20,570.6211447398705,-4.2048865815,-4.2046228375,0.3473999999999995,False
Pb1S3Sn1--Pb1S3Sn1_hexagonal--nm--gga-relax,Pb1S3Sn1,hexagonal,nm,gga-relax,True,20,624.1583633808261,-4.252183801,-4.252183801,1.1500000000000004,False
Pb1S3Sn1--Pb1S3Sn1_hexagonal--nm--gga-static,Pb1S3Sn1,hexagonal,nm,gga-static,True,20,624.1583633808261,-4.2551152605,-4.252183801,1.15,False
Pb1S3Sn1--Pb1S3Sn1_needle--nm--gga-relax,Pb1S3Sn1,needle,nm,gga-relax,True,20,587.6345175909323,-4.239233481,-4.239233481,0.013799999999999812,False
Pb1S3Sn1--Pb1S3Sn1_needle--nm--gga-static,Pb1S3Sn1,needle,nm,gga-static,True,20,587.6345175909323,-4.2394594825,-4.239233481,0.013799999999999812,False
Pb1S3Sr1--Pb1S3Sr1_dist_perovskite--nm--gga-relax,Pb1S3Sr1,dist_perovskite,nm,gga-relax,True,20,528.636402880285,-4.3127405125000005,-4.3127405125000005,0.2810999999999999,True
Pb1S3Sr1--Pb1S3Sr1_dist_perovskite--nm--gga-static,Pb1S3Sr1,dist_perovskite,nm,gga-static,True,20,528.636402880285,-4.312944435,-4.3127405125000005,0.2810999999999999,True
Pb1S3Sr1--Pb1S3Sr1_hexagonal--nm--gga-relax,Pb1S3Sr1,hexagonal,nm,gga-relax,True,20,604.7482535655945,-4.482540981,-4.482540981,1.2694999999999999,False
Pb1S3Sr1--Pb1S3Sr1_hexagonal--nm--gga-static,Pb1S3Sr1,hexagonal,nm,gga-static,True,20,604.7482535655945,-4.482553298,-4.482540981,1.2694999999999999,False
Pb1S3Sr1--Pb1S3Sr1_needle--nm--gga-relax,Pb1S3Sr1,needle,nm,gga-relax,True,20,537.8517902527027,-4.465960897,-4.465960897,0.011299999999999866,False
Pb1S3Sr1--Pb1S3Sr1_needle--nm--gga-static,Pb1S3Sr1,needle,nm,gga-static,True,20,537.8517902527027,-4.466427333,-4.465960897,0.011399999999999633,False
Pb1S3Ti1--Pb1S3Ti1_dist_perovskite--fm--gga-relax,Pb1S3Ti1,dist_perovskite,fm,gga-relax,True,20,426.2282764322949,-5.652830311000001,-5.652830311000001,0.1155999999999997,False
Pb1S3Ti1--Pb1S3Ti1_dist_perovskite--fm--gga-static,Pb1S3Ti1,dist_perovskite,fm,gga-static,True,20,426.2282764322949,-5.652947199,-5.652830311000001,0.11560000000000059,False
Pb1S3Ti1--Pb1S3Ti1_hexagonal--fm--gga-relax,Pb1S3Ti1,hexagonal,fm,gga-relax,True,20,463.08683907450154,-5.6452108635,-5.6452108635,0.8654999999999999,False
Pb1S3Ti1--Pb1S3Ti1_hexagonal--fm--gga-static,Pb1S3Ti1,hexagonal,fm,gga-static,True,20,463.08683907450154,-5.6457665145,-5.6452108635,0.8652999999999995,False
Pb1S3Ti1--Pb1S3Ti1_needle--fm--gga-relax,Pb1S3Ti1,needle,fm,gga-relax,True,20,452.087327303899,-5.701242944,-5.701242944,0.6209000000000007,False
Pb1S3Ti1--Pb1S3Ti1_needle--fm--gga-static,Pb1S3Ti1,needle,fm,gga-static,True,20,452.087327303899,-5.701425765,-5.701242944,0.6208999999999998,False
Pb1S3V1--Pb1S3V1_dist_perovskite--fm--gga-relax,Pb1S3V1,dist_perovskite,fm,gga-relax,True,20,409.0316571096955,-5.5580703595,-5.5580703595,0.0030999999999998806,False
Pb1S3V1--Pb1S3V1_dist_perovskite--fm--gga-static,Pb1S3V1,dist_perovskite,fm,gga-static,True,20,409.0316571096955,-5.558041649,-5.5580703595,0,False
Pb1S3V1--Pb1S3V1_hexagonal--fm--gga-relax,Pb1S3V1,hexagonal,fm,gga-relax,True,20,432.64568502156953,-5.5714370675,-5.5714370675,0.01609999999999978,False
Pb1S3V1--Pb1S3V1_hexagonal--fm--gga-static,Pb1S3V1,hexagonal,fm,gga-static,True,20,432.64568502156953,-5.5719963405,-5.5714370675,0.016000000000000014,False
Pb1S3V1--Pb1S3V1_needle--fm--gga-relax,Pb1S3V1,needle,fm,gga-relax,True,20,418.29525194602246,-5.6078961905,-5.6078961905,0.008000000000000007,False
Pb1S3V1--Pb1S3V1_needle--fm--gga-static,Pb1S3V1,needle,fm,gga-static,True,20,418.29525194602246,-5.6073008705,-5.6078961905,0,False
Pb1S3Zn1--Pb1S3Zn1_dist_perovskite--nm--gga-relax,Pb1S3Zn1,dist_perovskite,nm,gga-relax,True,20,501.803525938861,-3.7492476535000003,-3.7492476535000003,0.8009999999999997,True
Pb1S3Zn1--Pb1S3Zn1_dist_perovskite--nm--gga-static,Pb1S3Zn1,dist_perovskite,nm,gga-static,True,20,501.803525938861,-3.7495042365000004,-3.7492476535000003,0.8009,True
Pb1S3Zn1--Pb1S3Zn1_hexagonal--nm--gga-relax,Pb1S3Zn1,hexagonal,nm,gga-relax,True,20,507.9667933095989,-3.374051384,-3.374051384,0.019199999999999662,False
Pb1S3Zn1--Pb1S3Zn1_hexagonal--nm--gga-static,Pb1S3Zn1,hexagonal,nm,gga-static,True,20,507.9667933095989,-3.374242907,-3.374051384,0.01949999999999985,False
Pb1S3Zn1--Pb1S3Zn1_needle--nm--gga-relax,Pb1S3Zn1,needle,nm,gga-relax,True,20,522.5112566032826,-3.7621671255000004,-3.7621671255000004,1.1514000000000002,False
Pb1S3Zn1--Pb1S3Zn1_needle--nm--gga-static,Pb1S3Zn1,needle,nm,gga-static,True,20,522.5112566032826,-3.7626189734999995,-3.7621671255000004,1.1514000000000002,False
Pb1S3Zr1--Pb1S3Zr1_dist_perovskite--nm--gga-relax,Pb1S3Zr1,dist_perovskite,nm,gga-relax,True,20,473.4077216452117,-6.0005227445000004,-6.0005227445000004,0.8456000000000001,False
Pb1S3Zr1--Pb1S3Zr1_dist_perovskite--nm--gga-static,Pb1S3Zr1,dist_perovskite,nm,gga-static,True,20,473.4077216452117,-6.000608037,-6.0005227445000004,0.8455000000000004,False
Pb1S3Zr1--Pb1S3Zr1_hexagonal--nm--gga-relax,Pb1S3Zr1,hexagonal,nm,gga-relax,True,20,530.1071056954584,-5.9665220015000004,-5.9665220015000004,1.3529000000000004,False
Pb1S3Zr1--Pb1S3Zr1_hexagonal--nm--gga-static,Pb1S3Zr1,hexagonal,nm,gga-static,True,20,530.1071056954584,-5.967167904,-5.9665220015000004,1.3530000000000002,False
Pb1S3Zr1--Pb1S3Zr1_needle--nm--gga-relax,Pb1S3Zr1,needle,nm,gga-relax,True,20,501.8324147261386,-6.039561849,-6.039561849,1.3517000000000001,False
Pb1S3Zr1--Pb1S3Zr1_needle--nm--gga-static,Pb1S3Zr1,needle,nm,gga-static,True,20,501.8324147261386,-6.039747202,-6.039561849,1.3517000000000001,False
Pb2S3--Pb2S3_dist_perovskite--nm--gga-relax,Pb2S3,dist_perovskite,nm,gga-relax,True,20,515.4707794142117,-4.0345384205000006,-4.0345384205000006,0.0010999999999992127,False
Pb2S3--Pb2S3_dist_perovskite--nm--gga-static,Pb2S3,dist_perovskite,nm,gga-static,True,20,515.4707794142117,-4.034798812,-4.0345384205000006,0,False
Pb2S3--Pb2S3_hexagonal--nm--gga-relax,Pb2S3,hexagonal,nm,gga-relax,True,20,660.6580842446912,-4.178988337,-4.178988337,1.0337999999999998,True
Pb2S3--Pb2S3_hexagonal--nm--gga-static,Pb2S3,hexagonal,nm,gga-static,True,20,660.6580842446912,-4.179002784,-4.178988337,1.0337,True
Pb2S3--Pb2S3_needle--nm--gga-relax,Pb2S3,needle,nm,gga-relax,True,20,596.7776354648448,-4.192433147,-4.192433147,0.0235000000000003,False
Pb2S3--Pb2S3_needle--nm--gga-static,Pb2S3,needle,nm,gga-static,True,20,596.7776354648448,-4.192875346,-4.192433147,0.023499999999999854,False
S3Si1Sn1--S3Si1Sn1_dist_perovskite--nm--gga-relax,S3Si1Sn1,dist_perovskite,nm,gga-relax,True,20,383.54141941505117,-4.5929353740000005,-4.5929353740000005,0.043999999999999595,False
S3Si1Sn1--S3Si1Sn1_dist_perovskite--nm--gga-static,S3Si1Sn1,dist_perovskite,nm,gga-static,True,20,383.54141941505117,-4.5930606535,-4.5929353740000005,0.04389999999999983,False
S3Si1Sn1--S3Si1Sn1_hexagonal--nm--gga-relax,S3Si1Sn1,hexagonal,nm,gga-relax,True,20,583.9401165473083,-4.8593257334999995,-4.8593257334999995,2.2221,False
S3Si1Sn1--S3Si1Sn1_hexagonal--nm--gga-static,S3Si1Sn1,hexagonal,nm,gga-static,True,20,583.9401165473083,-4.863120594,-4.8593257334999995,2.2372,False
S3Si1Sn1--S3Si1Sn1_needle--nm--gga-relax,S3Si1Sn1,needle,nm,gga-relax,True,20,441.58476799289036,-4.787318148500001,-4.787318148500001,0.9623999999999997,False
S3Si1Sn1--S3Si1Sn1_needle--nm--gga-static,S3Si1Sn1,needle,nm,gga-static,True,20,441.58476799289036,-4.787434415,-4.787318148500001,0.9624999999999995,False
S3Si1Sr1--S3Si1Sr1_dist_perovskite--nm--gga-relax,S3Si1Sr1,dist_perovskite,nm,gga-relax,True,20,527.8053005039249,-5.077030586499999,-5.077030586499999,2.3400999999999996,False
S3Si1Sr1--S3Si1Sr1_dist_perovskite--nm--gga-static,S3Si1Sr1,dist_perovskite,nm,gga-static,True,20,527.8053005039249,-5.0791405255,-5.077030586499999,2.3156,False
S3Si1Sr1--S3Si1Sr1_hexagonal--nm--gga-relax,S3Si1Sr1,hexagonal,nm,gga-relax,True,20,573.7822866586461,-5.1407874745,-5.1407874745,3.0312,False
S3Si1Sr1--S3Si1Sr1_hexagonal--nm--gga-static,S3Si1Sr1,hexagonal,nm,gga-static,True,20,573.7822866586461,-5.144578765,-5.1407874745,3.0307000000000004,False
S3Si1Sr1--S3Si1Sr1_needle--nm--gga-relax,S3Si1Sr1,needle,nm,gga-relax,True,20,405.74459184238134,-5.00056383,-5.00056383,0.9043000000000001,False
S3Si1Sr1--S3Si1Sr1_needle--nm--gga-static,S3Si1Sr1,needle,nm,gga-static,True,20,405.74459184238134,-5.0006416535,-5.00056383,0.9043000000000001,False
S3Si1Zn1--S3Si1Zn1_dist_perovskite--nm--gga-relax,S3Si1Zn1,dist_perovskite,nm,gga-relax,True,20,430.2042498641234,-4.389624062,-4.389624062,2.5672,False
S3Si1Zn1--S3Si1Zn1_dist_perovskite--nm--gga-static,S3Si1Zn1,dist_perovskite,nm,gga-static,True,20,430.2042498641234,-4.392296915,-4.389624062,2.5673999999999997,False
S3Si1Zn1--S3Si1Zn1_hexagonal--nm--gga-relax,S3Si1Zn1,hexagonal,nm,gga-relax,True,20,365.723021017124,-4.2118419575,-4.2118419575,0.8586,True
S3Si1Zn1--S3Si1Zn1_hexagonal--nm--gga-static,S3Si1Zn1,hexagonal,nm,gga-static,True,20,365.723021017124,-4.2117864815,-4.2118419575,0.8586999999999998,True
S3Si1Zn1--S3Si1Zn1_needle--nm--gga-relax,S3Si1Zn1,needle,nm,gga-relax,True,20,512.2866438995047,-4.3109801965,-4.3109801965,1.2843,False
S3Si1Zn1--S3Si1Zn1_needle--nm--gga-static,S3Si1Zn1,needle,nm,gga-static,True,20,512.2866438995047,-4.311333415,-4.3109801965,1.2842000000000002,False
S3Sn1Sr1--S3Sn1Sr1_dist_perovskite--nm--gga-relax,S3Sn1Sr1,dist_perovskite,nm,gga-relax,True,20,489.37770588933915,-4.582876144,-4.582876144,0.8342,True
S3Sn1Sr1--S3Sn1Sr1_dist_perovskite--nm--gga-static,S3Sn1Sr1,dist_perovskite,nm,gga-static,True,20,489.37770588933915,-4.5830492995,-4.582876144,0.8342000000000005,True
S3Sn1Sr1--S3Sn1Sr1_hexagonal--nm--gga-relax,S3Sn1Sr1,hexagonal,nm,gga-relax,True,20,524.1733408119793,-4.571679635000001,-4.571679635000001,0.9981000000000004,False
S3Sn1Sr1--S3Sn1Sr1_hexagonal--nm--gga-static,S3Sn1Sr1,hexagonal,nm,gga-static,True,20,524.1733408119793,-4.5718430925,-4.571679635000001,0.9980999999999995,False
S3Sn1Sr1--S3Sn1Sr1_needle--nm--gga-relax,S3Sn1Sr1,needle,nm,gga-relax,True,20,467.5707143625258,-4.653937482,-4.653937482,0.8224,False
S3Sn1Sr1--S3Sn1Sr1_needle--nm--gga-static,S3Sn1Sr1,needle,nm,gga-static,True,20,467.5707143625258,-4.65404269,-4.653937482,0.8221999999999996,False
S3Sn1Ti1--S3Sn1Ti1_dist_perovskite--fm--gga-relax,S3Sn1Ti1,dist_perovskite,fm,gga-relax,True,20,409.5378949750849,-5.667306551499999,-5.667306551499999,0.01869999999999994,False
S3Sn1Ti1--S3Sn1Ti1_dist_perovskite--fm--gga-static,S3Sn1Ti1,dist_perovskite,fm,gga-static,True,20,409.5378949750849,-5.6674039265,-5.667306551499999,0.018599999999999284,False
S3Sn1Ti1--S3Sn1Ti1_hexagonal--fm--gga-relax,S3Sn1Ti1,hexagonal,fm,gga-relax,True,20,459.1275495957764,-5.6625563365,-5.6625563365,0.48109999999999964,False
S3Sn1Ti1--S3Sn1Ti1_hexagonal--fm--gga-static,S3Sn1Ti1,hexagonal,fm,gga-static,True,20,459.1275495957764,-5.6631316714999995,-5.6625563365,0.48109999999999964,False
S3Sn1Ti1--S3Sn1Ti1_needle--fm--gga-relax,S3Sn1Ti1,needle,fm,gga-relax,True,20,449.5280683566548,-5.7473254515,-5.7473254515,0.3072999999999997,False
S3Sn1Ti1--S3Sn1Ti1_needle--fm--gga-static,S3Sn1Ti1,needle,fm,gga-static,True,20,449.5280683566548,-5.747406616,-5.7473254515,0.3075000000000001,False
S3Sn1V1--S3Sn1V1_dist_perovskite--fm--gga-relax,S3Sn1V1,dist_perovskite,fm,gga-relax,True,20,387.84515447589473,-5.6080040465000005,-5.6080040465000005,0.0034999999999998366,False
S3Sn1V1--S3Sn1V1_dist_perovskite--fm--gga-static,S3Sn1V1,dist_perovskite,fm,gga-static,True,20,387.84515447589473,-5.608135578000001,-5.6080040465000005,0,False
S3Sn1V1--S3Sn1V1_hexagonal--fm--gga-relax,S3Sn1V1,hexagonal,fm,gga-relax,True,20,448.02729335590107,-5.5917707455,-5.5917707455,0.010799999999999699,False
S3Sn1V1--S3Sn1V1_hexagonal--fm--gga-static,S3Sn1V1,hexagonal,fm,gga-static,True,20,448.02729335590107,-5.5929333725,-5.5917707455,0.03759999999999941,False
S3Sn1V1--S3Sn1V1_needle--fm--gga-relax,S3Sn1V1,needle,fm,gga-relax,True,20,420.1434234493534,-5.6617619679999995,-5.6617619679999995,0.0030000000000001137,False
S3Sn1V1--S3Sn1V1_needle--fm--gga-static,S3Sn1V1,needle,fm,gga-static,True,20,420.1434234493534,-5.661348885000001,-5.6617619679999995,0,False
S3Sn1Zn1--S3Sn1Zn1_dist_perovskite--nm--gga-relax,S3Sn1Zn1,dist_perovskite,nm,gga-relax,True,20,419.61482065423246,-3.790591149,-3.790591149,0.14950000000000063,False
S3Sn1Zn1--S3Sn1Zn1_dist_perovskite--nm--gga-static,S3Sn1Zn1,dist_perovskite,nm,gga-static,True,20,419.61482065423246,-3.7907932860000004,-3.790591149,0.14940000000000087,False
S3Sn1Zn1--S3Sn1Zn1_hexagonal--nm--gga-relax,S3Sn1Zn1,hexagonal,nm,gga-relax,True,20,528.3505647630284,-3.8057084775,-3.8057084775,1.4115000000000002,False
S3Sn1Zn1--S3Sn1Zn1_hexagonal--nm--gga-static,S3Sn1Zn1,hexagonal,nm,gga-static,True,20,528.3505647630284,-3.8071369695,-3.8057084775,1.4122999999999997,False
S3Sn1Zn1--S3Sn1Zn1_needle--nm--gga-relax,S3Sn1Zn1,needle,nm,gga-relax,True,20,494.92838360280615,-3.9426120285,-3.9426120285,1.3731,False
S3Sn1Zn1--S3Sn1Zn1_needle--nm--gga-static,S3Sn1Zn1,needle,nm,gga-static,True,20,494.92838360280615,-3.9428638104999996,-3.9426120285,1.3731999999999998,False
S3Sn1Zr1--S3Sn1Zr1_dist_perovskite--nm--gga-relax,S3Sn1Zr1,dist_perovskite,nm,gga-relax,True,20,459.33687098051917,-5.990185978,-5.990185978,0.5739000000000001,False
S3Sn1Zr1--S3Sn1Zr1_dist_perovskite--nm--gga-static,S3Sn1Zr1,dist_perovskite,nm,gga-static,True,20,459.33687098051917,-5.9902825975,-5.990185978,0.5739000000000001,False
S3Sn1Zr1--S3Sn1Zr1_hexagonal--nm--gga-relax,S3Sn1Zr1,hexagonal,nm,gga-relax,True,20,538.0712782955422,-5.950868344,-5.950868344,1.0927000000000002,False
S3Sn1Zr1--S3Sn1Zr1_hexagonal--nm--gga-static,S3Sn1Zr1,hexagonal,nm,gga-static,True,20,538.0712782955422,-5.9516463205,-5.950868344,1.0928000000000004,False
S3Sn1Zr1--S3Sn1Zr1_needle--nm--gga-relax,S3Sn1Zr1,needle,nm,gga-relax,True,20,505.27237167163423,-6.073005061,-6.073005061,1.0556,True
S3Sn1Zr1--S3Sn1Zr1_needle--nm--gga-static,S3Sn1Zr1,needle,nm,gga-static,True,20,505.27237167163423,-6.07312331,-6.073005061,1.0971000000000002,True
S3Sn2--S3Sn2_dist_perovskite--nm--gga-relax,S3Sn2,dist_perovskite,nm,gga-relax,True,20,462.42437355237155,-4.292209687,-4.292209687,0.06400000000000006,False
S3Sn2--S3Sn2_dist_perovskite--nm--gga-static,S3Sn2,dist_perovskite,nm,gga-static,True,20,462.42437355237155,-4.292415184499999,-4.292209687,0.06400000000000006,False
S3Sn2--S3Sn2_hexagonal--nm--gga-relax,S3Sn2,hexagonal,nm,gga-relax,True,20,600.958351142358,-4.312107024,-4.312107024,1.0113999999999996,False
S3Sn2--S3Sn2_hexagonal--nm--gga-static,S3Sn2,hexagonal,nm,gga-static,True,20,600.958351142358,-4.3123941514999995,-4.312107024,1.0112999999999999,False
S3Sn2--S3Sn2_needle--nm--gga-relax,S3Sn2,needle,nm,gga-relax,True,20,507.5584446076195,-4.412818,-4.412818,0.8158000000000003,False
S3Sn2--S3Sn2_needle--nm--gga-static,S3Sn2,needle,nm,gga-static,True,20,507.5584446076195,-4.4130226729999995,-4.412818,0.8157000000000005,False
S3Sr1Ti1--S3Sr1Ti1_dist_perovskite--fm--gga-relax,S3Sr1Ti1,dist_perovskite,fm,gga-relax,True,20,435.24242253545657,-5.9554616605,-5.9554616605,0.7367999999999997,True
S3Sr1Ti1--S3Sr1Ti1_dist_perovskite--fm--gga-static,S3Sr1Ti1,dist_perovskite,fm,gga-static,True,20,435.24242253545657,-5.9556188025,-5.9554616605,0.7367999999999997,True
S3Sr1Ti1--S3Sr1Ti1_hexagonal--fm--gga-relax,S3Sr1Ti1,hexagonal,fm,gga-relax,True,20,447.1141471380451,-5.9490090135,-5.9490090135,0.8483,False
S3Sr1Ti1--S3Sr1Ti1_hexagonal--fm--gga-static,S3Sr1Ti1,hexagonal,fm,gga-static,True,20,447.1141471380451,-5.9491275725,-5.9490090135,0.8483,False
S3Sr1Ti1--S3Sr1Ti1_needle--fm--gga-relax,S3Sr1Ti1,needle,fm,gga-relax,True,20,429.36130109037356,-5.973615908499999,-5.973615908499999,0.36050000000000004,True
S3Sr1Ti1--S3Sr1Ti1_needle--fm--gga-static,S3Sr1Ti1,needle,fm,gga-static,True,20,429.36130109037356,-5.973704013,-5.973615908499999,0.36050000000000004,True
S3Sr1V1--S3Sr1V1_dist_perovskite--fm--gga-relax,S3Sr1V1,dist_perovskite,fm,gga-relax,True,20,418.4703880770219,-5.8440312125,-5.8440312125,0.0029000000000003467,False
S3Sr1V1--S3Sr1V1_dist_perovskite--fm--gga-static,S3Sr1V1,dist_perovskite,fm,gga-static,True,20,418.4703880770219,-5.8442414650000005,-5.8440312125,0,True
S3Sr1V1--S3Sr1V1_hexagonal--fm--gga-relax,S3Sr1V1,hexagonal,fm,gga-relax,True,20,435.50094207084834,-5.866962504,-5.866962504,0.00849999999999973,False
S3Sr1V1--S3Sr1V1_hexagonal--fm--gga-static,S3Sr1V1,hexagonal,fm,gga-static,True,20,435.50094207084834,-5.8673944675000005,-5.866962504,0,False
S3Sr1V1--S3Sr1V1_needle--fm--gga-relax,S3Sr1V1,needle,fm,gga-relax,True,20,415.4085373737823,-5.876829756499999,-5.876829756499999,0.004000000000000448,False
S3Sr1V1--S3Sr1V1_needle--fm--gga-static,S3Sr1V1,needle,fm,gga-static,True,20,415.4085373737823,-5.876999881,-5.876829756499999,0,False
S3Sr1Zr1--S3Sr1Zr1_dist_perovskite--nm--gga-relax,S3Sr1Zr1,dist_perovskite,nm,gga-relax,True,20,477.93953607355394,-6.3109549965,-6.3109549965,1.2277000000000005,True
S3Sr1Zr1--S3Sr1Zr1_dist_perovskite--nm--gga-static,S3Sr1Zr1,dist_perovskite,nm,gga-static,True,20,477.93953607355394,-6.3109997975,-6.3109549965,1.2277000000000005,True
S3Sr1Zr1--S3Sr1Zr1_hexagonal--nm--gga-relax,S3Sr1Zr1,hexagonal,nm,gga-relax,True,20,504.37978039212936,-6.2609074945000005,-6.2609074945000005,1.2160000000000002,True
S3Sr1Zr1--S3Sr1Zr1_hexagonal--nm--gga-static,S3Sr1Zr1,hexagonal,nm,gga-static,True,20,504.37978039212936,-6.2609649715,-6.2609074945000005,1.2159,True
S3Sr1Zr1--S3Sr1Zr1_needle--nm--gga-relax,S3Sr1Zr1,needle,nm,gga-relax,True,20,464.649401189382,-6.311491482999999,-6.311491482999999,0.6036999999999999,True
S3Sr1Zr1--S3Sr1Zr1_needle--nm--gga-static,S3Sr1Zr1,needle,nm,gga-static,True,20,464.649401189382,-6.311539056,-6.311491482999999,0.6036999999999999,True
S3Ti1Zn1--S3Ti1Zn1_dist_perovskite--fm--gga-relax,S3Ti1Zn1,dist_perovskite,fm,gga-relax,True,20,365.72124905824114,-5.1367781375,-5.1367781375,0.015699999999999825,False
S3Ti1Zn1--S3Ti1Zn1_dist_perovskite--fm--gga-static,S3Ti1Zn1,dist_perovskite,fm,gga-static,True,20,365.72124905824114,-5.1368577455,-5.1367781375,0.015799999999999592,False
S3Ti1Zn1--S3Ti1Zn1_hexagonal--fm--gga-relax,S3Ti1Zn1,hexagonal,fm,gga-relax,True,20,401.4224728407754,-5.171497119,-5.171497119,0.7076000000000002,False
S3Ti1Zn1--S3Ti1Zn1_hexagonal--fm--gga-static,S3Ti1Zn1,hexagonal,fm,gga-static,True,20,401.4224728407754,-5.171609043,-5.171497119,0.7077999999999998,False
S3Ti1Zn1--S3Ti1Zn1_needle--fm--gga-relax,S3Ti1Zn1,needle,fm,gga-relax,True,20,421.62476427697703,-5.2689126425,-5.2689126425,0.9079999999999999,True
S3Ti1Zn1--S3Ti1Zn1_needle--fm--gga-static,S3Ti1Zn1,needle,fm,gga-static,True,20,421.62476427697703,-5.2690165265,-5.2689126425,0.9079000000000002,True
S3V1Zn1--S3V1Zn1_dist_perovskite--fm--gga-relax,S3V1Zn1,dist_perovskite,fm,gga-relax,True,20,347.5473788084732,-5.0975696475,-5.0975696475,0.0008999999999996788,False
S3V1Zn1--S3V1Zn1_dist_perovskite--fm--gga-static,S3V1Zn1,dist_perovskite,fm,gga-static,True,20,347.5473788084732,-5.097862206,-5.0975696475,0,False
S3V1Zn1--S3V1Zn1_hexagonal--fm--gga-relax,S3V1Zn1,hexagonal,fm,gga-relax,True,20,389.94189612503476,-5.079723726999999,-5.079723726999999,0.0004999999999997229,False
S3V1Zn1--S3V1Zn1_hexagonal--fm--gga-static,S3V1Zn1,hexagonal,fm,gga-static,True,20,389.94189612503476,-5.0798690205,-5.079723726999999,0,False
S3V1Zn1--S3V1Zn1_needle--fm--gga-relax,S3V1Zn1,needle,fm,gga-relax,True,20,354.49136073435227,-5.0946102205,-5.0946102205,0.01240000000000041,False
S3V1Zn1--S3V1Zn1_needle--fm--gga-static,S3V1Zn1,needle,fm,gga-static,True,20,354.49136073435227,-5.086884503,-5.0946102205,0.002100000000000435,False
S3Zn1Zr1--S3Zn1Zr1_dist_perovskite--nm--gga-relax,S3Zn1Zr1,dist_perovskite,nm,gga-relax,True,20,409.0815232683571,-5.445206708,-5.445206708,0.5566000000000004,False
S3Zn1Zr1--S3Zn1Zr1_dist_perovskite--nm--gga-static,S3Zn1Zr1,dist_perovskite,nm,gga-static,True,20,409.0815232683571,-5.4452810115,-5.445206708,0.5567000000000002,False
S3Zn1Zr1--S3Zn1Zr1_hexagonal--nm--gga-relax,S3Zn1Zr1,hexagonal,nm,gga-relax,True,20,457.99765275544496,-5.4917163215,-5.4917163215,1.2449,True
S3Zn1Zr1--S3Zn1Zr1_hexagonal--nm--gga-static,S3Zn1Zr1,hexagonal,nm,gga-static,True,20,457.99765275544496,-5.4918295950000005,-5.4917163215,1.2449,True
S3Zn1Zr1--S3Zn1Zr1_needle--nm--gga-relax,S3Zn1Zr1,needle,nm,gga-relax,True,20,517.6385431676388,-5.5182421945,-5.5182421945,1.9597000000000002,True
S3Zn1Zr1--S3Zn1Zr1_needle--nm--gga-static,S3Zn1Zr1,needle,nm,gga-static,True,20,517.6385431676388,-5.5184686385,-5.5182421945,1.9596,True
